product_id,name,date_created,type,status,sku,price,regular_price,total_sales,stock_quantity,categories
46361,Labial Mágico en Barra,2023-03-18,simple,publish,,9.0,9.0,24,976,"[{'id': 466, 'name': 'Belleza', 'slug': 'belleza'}, {'id': 470, 'name': 'Lanzamientos', 'slug': 'lanzamientos'}, {'id': 25, 'name': 'Ropa', 'slug': 'ropa'}]"
46305,Juego de baño completo- 4 piezas,2023-03-16,simple,publish,,55.0,55.0,0,24,"[{'id': 465, 'name': 'Hogar', 'slug': 'hogar'}, {'id': 470, 'name': 'Lanzamientos', 'slug': 'lanzamientos'}, {'id': 474, 'name': 'Temporada', 'slug': 'temporada'}]"
46278,Organizador Retractil para Libros y cuadernos,2023-03-16,simple,publish,,20.0,20.0,4,44,"[{'id': 473, 'name': 'Escolar', 'slug': 'escolar'}, {'id': 467, 'name': 'Infantil', 'slug': 'juguetes'}, {'id': 470, 'name': 'Lanzamientos', 'slug': 'lanzamientos'}, {'id': 464, 'name': 'Oficina', 'slug': 'oficina'}]"
46249,Protector impermeable para celular,2023-03-14,simple,publish,,4.0,4.0,5,995,"[{'id': 465, 'name': 'Hogar', 'slug': 'hogar'}, {'id': 470, 'name': 'Lanzamientos', 'slug': 'lanzamientos'}, {'id': 464, 'name': 'Oficina', 'slug': 'oficina'}, {'id': 474, 'name': 'Temporada', 'slug': 'temporada'}]"
46232,Poncho para la lluvia,2023-03-14,simple,publish,,3.5,3.5,36,564,"[{'id': 465, 'name': 'Hogar', 'slug': 'hogar'}, {'id': 474, 'name': 'Temporada', 'slug': 'temporada'}]"
46192,Carteras porta celular,2023-03-10,simple,publish,19,20.0,20.0,6,194,"[{'id': 465, 'name': 'Hogar', 'slug': 'hogar'}, {'id': 470, 'name': 'Lanzamientos', 'slug': 'lanzamientos'}, {'id': 25, 'name': 'Ropa', 'slug': 'ropa'}, {'id': 474, 'name': 'Temporada', 'slug': 'temporada'}]"
46072,Collares amor de mamá -Acero - Docena,2023-03-06,simple,publish,,35.0,35.0,4,56,"[{'id': 468, 'name': 'Festividades', 'slug': 'festividades'}, {'id': 470, 'name': 'Lanzamientos', 'slug': 'lanzamientos'}]"
46056,Termo conservador con 2 tazas -500ml,2023-03-06,simple,publish,,35.0,35.0,13,107,"[{'id': 465, 'name': 'Hogar', 'slug': 'hogar'}, {'id': 470, 'name': 'Lanzamientos', 'slug': 'lanzamientos'}, {'id': 464, 'name': 'Oficina', 'slug': 'oficina'}]"
46042,Porta mondadientes Pollito,2023-03-04,simple,publish,,2.4,2.4,0,100,"[{'id': 465, 'name': 'Hogar', 'slug': 'hogar'}, {'id': 470, 'name': 'Lanzamientos', 'slug': 'lanzamientos'}]"
46020,Herramienta Multifuncional para limpieza de polvo,2023-03-04,simple,publish,,6.0,6.0,6,94,"[{'id': 465, 'name': 'Hogar', 'slug': 'hogar'}, {'id': 470, 'name': 'Lanzamientos', 'slug': 'lanzamientos'}, {'id': 464, 'name': 'Oficina', 'slug': 'oficina'}]"
45965,Parka Juvenil x Fardo,2023-02-28,simple,publish,,1350.0,1350.0,0,20,"[{'id': 470, 'name': 'Lanzamientos', 'slug': 'lanzamientos'}, {'id': 25, 'name': 'Ropa', 'slug': 'ropa'}, {'id': 474, 'name': 'Temporada', 'slug': 'temporada'}]"
45955,Parkas Juveniles,2023-02-28,simple,publish,,59.0,59.0,25,975,"[{'id': 470, 'name': 'Lanzamientos', 'slug': 'lanzamientos'}, {'id': 25, 'name': 'Ropa', 'slug': 'ropa'}, {'id': 474, 'name': 'Temporada', 'slug': 'temporada'}]"
45767,Dispensador de ayudín Líquido,2023-02-20,simple,publish,,8.0,8.0,29,71,"[{'id': 465, 'name': 'Hogar', 'slug': 'hogar'}, {'id': 470, 'name': 'Lanzamientos', 'slug': 'lanzamientos'}]"
45730,Juego de escuadras x 30 cm/ Flexible,2023-02-17,simple,publish,,4.0,4.0,43,957,"[{'id': 473, 'name': 'Escolar', 'slug': 'escolar'}, {'id': 470, 'name': 'Lanzamientos', 'slug': 'lanzamientos'}]"
45711,Tomatodos deportivos 1000ml,2023-02-16,simple,publish,,14.0,14.0,13,987,"[{'id': 465, 'name': 'Hogar', 'slug': 'hogar'}, {'id': 470, 'name': 'Lanzamientos', 'slug': 'lanzamientos'}, {'id': 474, 'name': 'Temporada', 'slug': 'temporada'}]"
45708,Transportador 180º x 9cm - Caja 48unid,2023-02-16,simple,publish,,21.0,21.0,2,998,"[{'id': 473, 'name': 'Escolar', 'slug': 'escolar'}, {'id': 470, 'name': 'Lanzamientos', 'slug': 'lanzamientos'}]"
45679,Parkas x Fardo 25 unid,2023-02-15,simple,publish,,1115.0,1115.0,1,49,"[{'id': 470, 'name': 'Lanzamientos', 'slug': 'lanzamientos'}, {'id': 25, 'name': 'Ropa', 'slug': 'ropa'}, {'id': 474, 'name': 'Temporada', 'slug': 'temporada'}]"
45645,Set de 3 tomatodos dino,2023-02-14,simple,publish,,25.0,25.0,11,1,"[{'id': 475, 'name': 'Escolar', 'slug': 'escolar-2'}, {'id': 465, 'name': 'Hogar', 'slug': 'hogar'}, {'id': 467, 'name': 'Infantil', 'slug': 'juguetes'}, {'id': 470, 'name': 'Lanzamientos', 'slug': 'lanzamientos'}]"
45627,Microfono de celular - Lavalier,2023-02-13,simple,publish,,15.0,15.0,0,1000,"[{'id': 465, 'name': 'Hogar', 'slug': 'hogar'}, {'id': 470, 'name': 'Lanzamientos', 'slug': 'lanzamientos'}, {'id': 464, 'name': 'Oficina', 'slug': 'oficina'}]"
45623,Cable Tipo D,2023-02-13,simple,publish,,8.0,8.0,1,99,"[{'id': 465, 'name': 'Hogar', 'slug': 'hogar'}, {'id': 470, 'name': 'Lanzamientos', 'slug': 'lanzamientos'}, {'id': 464, 'name': 'Oficina', 'slug': 'oficina'}]"
45617,Cable tipo C-Huawei,2023-02-13,simple,publish,,9.0,9.0,10,90,"[{'id': 465, 'name': 'Hogar', 'slug': 'hogar'}, {'id': 470, 'name': 'Lanzamientos', 'slug': 'lanzamientos'}, {'id': 464, 'name': 'Oficina', 'slug': 'oficina'}]"
45477,Tomatodo para niños,2023-02-07,simple,publish,,13.5,13.5,0,60,"[{'id': 473, 'name': 'Escolar', 'slug': 'escolar'}, {'id': 467, 'name': 'Infantil', 'slug': 'juguetes'}, {'id': 470, 'name': 'Lanzamientos', 'slug': 'lanzamientos'}]"
45433,Sombrero Chino,2023-02-03,simple,publish,,10.0,10.0,1,98,"[{'id': 465, 'name': 'Hogar', 'slug': 'hogar'}, {'id': 470, 'name': 'Lanzamientos', 'slug': 'lanzamientos'}, {'id': 474, 'name': 'Temporada', 'slug': 'temporada'}]"
45315,Tazas Shakira,2023-01-31,simple,publish,,10.0,10.0,7,98,"[{'id': 465, 'name': 'Hogar', 'slug': 'hogar'}, {'id': 470, 'name': 'Lanzamientos', 'slug': 'lanzamientos'}, {'id': 464, 'name': 'Oficina', 'slug': 'oficina'}]"
45233,Llavero Melody anime,2023-01-25,simple,publish,,18.0,18.0,3,98,"[{'id': 475, 'name': 'Escolar', 'slug': 'escolar-2'}, {'id': 470, 'name': 'Lanzamientos', 'slug': 'lanzamientos'}, {'id': 474, 'name': 'Temporada', 'slug': 'temporada'}]"
45227,llavero cinnamoroll,2023-01-25,simple,publish,,18.0,18.0,0,0,"[{'id': 475, 'name': 'Escolar', 'slug': 'escolar-2'}, {'id': 470, 'name': 'Lanzamientos', 'slug': 'lanzamientos'}, {'id': 474, 'name': 'Temporada', 'slug': 'temporada'}]"
45223,Llaveros kawaii de Kuromi,2023-01-25,simple,publish,,18.0,18.0,1,0,"[{'id': 475, 'name': 'Escolar', 'slug': 'escolar-2'}, {'id': 470, 'name': 'Lanzamientos', 'slug': 'lanzamientos'}, {'id': 474, 'name': 'Temporada', 'slug': 'temporada'}]"
45219,Llavero Hello kitty con traje,2023-01-25,simple,publish,,18.0,18.0,2,98,"[{'id': 473, 'name': 'Escolar', 'slug': 'escolar'}, {'id': 475, 'name': 'Escolar', 'slug': 'escolar-2'}, {'id': 470, 'name': 'Lanzamientos', 'slug': 'lanzamientos'}]"
45216,Llaveros kawaii Hello kitty,2023-01-25,simple,publish,,18.0,18.0,1,99,"[{'id': 473, 'name': 'Escolar', 'slug': 'escolar'}, {'id': 465, 'name': 'Hogar', 'slug': 'hogar'}, {'id': 470, 'name': 'Lanzamientos', 'slug': 'lanzamientos'}]"
45208,Collar Pochita - Anime,2023-01-25,simple,publish,,12.0,12.0,0,100,"[{'id': 466, 'name': 'Belleza', 'slug': 'belleza'}, {'id': 470, 'name': 'Lanzamientos', 'slug': 'lanzamientos'}]"
45199,Calcetines Medias coreanas Unisex,2023-01-25,simple,publish,,13.0,13.0,0,100,"[{'id': 466, 'name': 'Belleza', 'slug': 'belleza'}, {'id': 470, 'name': 'Lanzamientos', 'slug': 'lanzamientos'}, {'id': 25, 'name': 'Ropa', 'slug': 'ropa'}]"
45182,Goku- 1 par de Aretes de Dragon ball - Vegetto,2023-01-25,variable,publish,,13.5,,8,0,"[{'id': 466, 'name': 'Belleza', 'slug': 'belleza'}, {'id': 470, 'name': 'Lanzamientos', 'slug': 'lanzamientos'}]"
45174,Pulsera de perlas Hello Kitty,2023-01-25,simple,publish,,10.0,10.0,3,97,"[{'id': 466, 'name': 'Belleza', 'slug': 'belleza'}, {'id': 470, 'name': 'Lanzamientos', 'slug': 'lanzamientos'}]"
45144,Viseras para el sol,2023-01-25,simple,publish,,16.0,16.0,2,98,"[{'id': 466, 'name': 'Belleza', 'slug': 'belleza'}, {'id': 470, 'name': 'Lanzamientos', 'slug': 'lanzamientos'}, {'id': 474, 'name': 'Temporada', 'slug': 'temporada'}]"
45137,Repisa Humanoide  de colores /Repisa Buddy,2023-01-25,simple,publish,,15.0,15.0,9,91,"[{'id': 465, 'name': 'Hogar', 'slug': 'hogar'}, {'id': 470, 'name': 'Lanzamientos', 'slug': 'lanzamientos'}, {'id': 474, 'name': 'Temporada', 'slug': 'temporada'}]"
45104,Cafetera Francesa,2023-01-24,simple,publish,,29.0,29.0,5,95,"[{'id': 465, 'name': 'Hogar', 'slug': 'hogar'}, {'id': 470, 'name': 'Lanzamientos', 'slug': 'lanzamientos'}]"
45091,Tomatodo con 2 bebederos - 2600ml,2023-01-24,simple,publish,,25.0,25.0,6,94,"[{'id': 465, 'name': 'Hogar', 'slug': 'hogar'}, {'id': 470, 'name': 'Lanzamientos', 'slug': 'lanzamientos'}, {'id': 474, 'name': 'Temporada', 'slug': 'temporada'}]"
45081,Llavero peluche - Kawaii anime,2023-01-23,simple,publish,,25.0,25.0,3,17,"[{'id': 466, 'name': 'Belleza', 'slug': 'belleza'}, {'id': 473, 'name': 'Escolar', 'slug': 'escolar'}, {'id': 470, 'name': 'Lanzamientos', 'slug': 'lanzamientos'}]"
45038,Maleta de playa,2023-01-23,simple,publish,,39.0,39.0,11,87,"[{'id': 467, 'name': 'Infantil', 'slug': 'juguetes'}, {'id': 470, 'name': 'Lanzamientos', 'slug': 'lanzamientos'}]"
45031,Temporizador de Huevos,2023-01-23,simple,publish,,10.0,10.0,12,88,"[{'id': 465, 'name': 'Hogar', 'slug': 'hogar'}, {'id': 470, 'name': 'Lanzamientos', 'slug': 'lanzamientos'}]"
44653,Alcancía Kawaii casita ahorradora,2023-01-19,simple,publish,,25.0,25.0,32,68,"[{'id': 465, 'name': 'Hogar', 'slug': 'hogar'}, {'id': 470, 'name': 'Lanzamientos', 'slug': 'lanzamientos'}]"
44599,Vincha skincare-Hello Kitty,2023-01-18,simple,publish,,19.0,19.0,3,97,"[{'id': 466, 'name': 'Belleza', 'slug': 'belleza'}, {'id': 470, 'name': 'Lanzamientos', 'slug': 'lanzamientos'}]"
44588,Vincha para skincare my Melody,2023-01-18,simple,publish,,19.0,19.0,2,98,"[{'id': 466, 'name': 'Belleza', 'slug': 'belleza'}, {'id': 470, 'name': 'Lanzamientos', 'slug': 'lanzamientos'}]"
44566,Antifaz de dormir Kuromi -Anime,2023-01-18,simple,publish,,18.0,18.0,2,98,"[{'id': 466, 'name': 'Belleza', 'slug': 'belleza'}, {'id': 470, 'name': 'Lanzamientos', 'slug': 'lanzamientos'}]"
44550,Antifaz de dormir Hello Kitty -Anime,2023-01-18,simple,publish,,18.0,18.0,10,90,"[{'id': 466, 'name': 'Belleza', 'slug': 'belleza'}, {'id': 470, 'name': 'Lanzamientos', 'slug': 'lanzamientos'}]"
44538,Antifaz Cinnamoroll - anime,2023-01-18,simple,publish,,18.0,18.0,2,98,"[{'id': 466, 'name': 'Belleza', 'slug': 'belleza'}, {'id': 470, 'name': 'Lanzamientos', 'slug': 'lanzamientos'}]"
44536,Antifaz my Melody-anime,2023-01-18,simple,publish,18,18.0,18.0,0,100,"[{'id': 466, 'name': 'Belleza', 'slug': 'belleza'}, {'id': 470, 'name': 'Lanzamientos', 'slug': 'lanzamientos'}]"
44528,Set de cucharas para arroz,2023-01-18,simple,publish,,8.0,8.0,3,21,"[{'id': 465, 'name': 'Hogar', 'slug': 'hogar'}, {'id': 470, 'name': 'Lanzamientos', 'slug': 'lanzamientos'}]"
44512,Flotador inflable - Swim boat para niños,2023-01-18,simple,publish,,28.0,28.0,1,99,"[{'id': 470, 'name': 'Lanzamientos', 'slug': 'lanzamientos'}, {'id': 474, 'name': 'Temporada', 'slug': 'temporada'}]"
44477,Hamaca Flotante Piscina,2023-01-17,simple,publish,,21.0,21.0,0,100,"[{'id': 470, 'name': 'Lanzamientos', 'slug': 'lanzamientos'}, {'id': 474, 'name': 'Temporada', 'slug': 'temporada'}]"
44449,Porta Torta - Base giratoria antideslizante -Repostería,2023-01-17,simple,publish,,14.0,14.0,8,92,"[{'id': 470, 'name': 'Lanzamientos', 'slug': 'lanzamientos'}, {'id': 472, 'name': 'Navidad', 'slug': 'navidad'}]"
44432,Llave Universal Wrench 48 en 1 -360 grados,2023-01-17,simple,publish,,29.0,29.0,0,100,"[{'id': 465, 'name': 'Hogar', 'slug': 'hogar'}, {'id': 470, 'name': 'Lanzamientos', 'slug': 'lanzamientos'}]"
44419,Exprimidor manual de Frutas y verduras,2023-01-17,simple,publish,,25.0,25.0,7,93,"[{'id': 465, 'name': 'Hogar', 'slug': 'hogar'}, {'id': 470, 'name': 'Lanzamientos', 'slug': 'lanzamientos'}]"
44407,Ventilador portátil para celular,2023-01-17,simple,publish,,10.0,10.0,3,97,"[{'id': 465, 'name': 'Hogar', 'slug': 'hogar'}, {'id': 470, 'name': 'Lanzamientos', 'slug': 'lanzamientos'}, {'id': 464, 'name': 'Oficina', 'slug': 'oficina'}]"
44400,Mosquitero Plegable para Cama,2023-01-16,simple,publish,,60.0,60.0,8,0,"[{'id': 465, 'name': 'Hogar', 'slug': 'hogar'}, {'id': 470, 'name': 'Lanzamientos', 'slug': 'lanzamientos'}]"
44381,Rallador de frutas y verduras,2023-01-16,simple,publish,,29.0,29.0,9,21,"[{'id': 465, 'name': 'Hogar', 'slug': 'hogar'}, {'id': 470, 'name': 'Lanzamientos', 'slug': 'lanzamientos'}]"
44361,Anillo de serpiente - ajustable,2023-01-16,simple,publish,,10.0,10.0,0,100,"[{'id': 466, 'name': 'Belleza', 'slug': 'belleza'}, {'id': 470, 'name': 'Lanzamientos', 'slug': 'lanzamientos'}, {'id': 464, 'name': 'Oficina', 'slug': 'oficina'}]"
44337,Manga de Hello Ketty - Original,2023-01-16,simple,publish,,25.0,25.0,0,100,"[{'id': 466, 'name': 'Belleza', 'slug': 'belleza'}, {'id': 470, 'name': 'Lanzamientos', 'slug': 'lanzamientos'}]"
44331,Guante /Manga color negro,2023-01-16,simple,publish,,15.0,15.0,6,94,"[{'id': 466, 'name': 'Belleza', 'slug': 'belleza'}, {'id': 470, 'name': 'Lanzamientos', 'slug': 'lanzamientos'}, {'id': 25, 'name': 'Ropa', 'slug': 'ropa'}]"
44321,Manga/guante de brazo arcoiris,2023-01-16,simple,publish,,15.0,15.0,1,99,"[{'id': 466, 'name': 'Belleza', 'slug': 'belleza'}, {'id': 470, 'name': 'Lanzamientos', 'slug': 'lanzamientos'}, {'id': 25, 'name': 'Ropa', 'slug': 'ropa'}]"
44311,Licuadora portatil - Nuevo diseño,2023-01-16,simple,publish,,20.0,20.0,20,10,"[{'id': 465, 'name': 'Hogar', 'slug': 'hogar'}, {'id': 470, 'name': 'Lanzamientos', 'slug': 'lanzamientos'}, {'id': 464, 'name': 'Oficina', 'slug': 'oficina'}]"
44273,Tomatodo 2 en 1 Kawaii,2023-01-14,simple,publish,,27.0,27.0,13,89,"[{'id': 473, 'name': 'Escolar', 'slug': 'escolar'}, {'id': 465, 'name': 'Hogar', 'slug': 'hogar'}, {'id': 470, 'name': 'Lanzamientos', 'slug': 'lanzamientos'}, {'id': 464, 'name': 'Oficina', 'slug': 'oficina'}]"
44253,Maletin de viaje 3 niveles,2023-01-14,simple,publish,,40.0,40.0,10,40,"[{'id': 470, 'name': 'Lanzamientos', 'slug': 'lanzamientos'}, {'id': 464, 'name': 'Oficina', 'slug': 'oficina'}]"
44231,Mochila Juvenil,2023-01-12,simple,publish,,35.0,35.0,3,0,"[{'id': 473, 'name': 'Escolar', 'slug': 'escolar'}, {'id': 470, 'name': 'Lanzamientos', 'slug': 'lanzamientos'}, {'id': 464, 'name': 'Oficina', 'slug': 'oficina'}]"
44225,Lentes de sol para niñas,2023-01-12,simple,publish,,6.0,6.0,8,92,"[{'id': 467, 'name': 'Infantil', 'slug': 'juguetes'}, {'id': 470, 'name': 'Lanzamientos', 'slug': 'lanzamientos'}]"
44203,Lentes de Natación - Unisex - Piscina Playa,2023-01-12,simple,publish,,6.0,6.0,6,94,"[{'id': 467, 'name': 'Infantil', 'slug': 'juguetes'}, {'id': 470, 'name': 'Lanzamientos', 'slug': 'lanzamientos'}]"
44196,Set de Cuchillos Kawaii,2023-01-12,simple,publish,,19.0,19.0,9,91,"[{'id': 465, 'name': 'Hogar', 'slug': 'hogar'}, {'id': 470, 'name': 'Lanzamientos', 'slug': 'lanzamientos'}]"
44170,Cinta métrica Kawai,2023-01-11,simple,publish,,5.0,5.0,19,81,"[{'id': 473, 'name': 'Escolar', 'slug': 'escolar'}, {'id': 465, 'name': 'Hogar', 'slug': 'hogar'}, {'id': 467, 'name': 'Infantil', 'slug': 'juguetes'}, {'id': 464, 'name': 'Oficina', 'slug': 'oficina'}]"
44143,Mochila escolar,2023-01-11,simple,publish,,30.0,30.0,0,0,"[{'id': 473, 'name': 'Escolar', 'slug': 'escolar'}, {'id': 470, 'name': 'Lanzamientos', 'slug': 'lanzamientos'}]"
44107,Organizador de Toallas Higénicas,2023-01-10,simple,publish,,6.0,6.0,9,91,"[{'id': 466, 'name': 'Belleza', 'slug': 'belleza'}, {'id': 470, 'name': 'Lanzamientos', 'slug': 'lanzamientos'}]"
44094,Espejo Portátil,2023-01-10,simple,publish,,6.0,6.0,7,194,"[{'id': 466, 'name': 'Belleza', 'slug': 'belleza'}, {'id': 464, 'name': 'Oficina', 'slug': 'oficina'}]"
44048,Pack de Tomatodo osos escandalosos,2023-01-09,simple,publish,,29.0,29.0,40,8,"[{'id': 465, 'name': 'Hogar', 'slug': 'hogar'}, {'id': 470, 'name': 'Lanzamientos', 'slug': 'lanzamientos'}, {'id': 464, 'name': 'Oficina', 'slug': 'oficina'}]"
44012,Neceser multiuso,2023-01-06,simple,publish,,10.0,10.0,189,132,"[{'id': 466, 'name': 'Belleza', 'slug': 'belleza'}, {'id': 25, 'name': 'Ropa', 'slug': 'ropa'}]"
43971,Molde para Helados,2023-01-05,simple,publish,,5.0,5.0,84,217,"[{'id': 465, 'name': 'Hogar', 'slug': 'hogar'}, {'id': 470, 'name': 'Lanzamientos', 'slug': 'lanzamientos'}]"
43959,Organizador expandible,2023-01-04,simple,publish,,9.0,9.0,5,5,"[{'id': 465, 'name': 'Hogar', 'slug': 'hogar'}]"
43912,5000 Balines de Hidrogel,2023-01-02,simple,publish,,12.0,12.0,76,23,"[{'id': 467, 'name': 'Infantil', 'slug': 'juguetes'}, {'id': 470, 'name': 'Lanzamientos', 'slug': 'lanzamientos'}]"
43817,Pistola de Confeti x 12 unid,2022-12-27,simple,publish,,30.0,30.0,0,2,"[{'id': 468, 'name': 'Festividades', 'slug': 'festividades'}, {'id': 465, 'name': 'Hogar', 'slug': 'hogar'}, {'id': 470, 'name': 'Lanzamientos', 'slug': 'lanzamientos'}]"
43804,Pistola de Confeti,2022-12-27,simple,publish,,3.5,3.5,5,51,"[{'id': 468, 'name': 'Festividades', 'slug': 'festividades'}, {'id': 465, 'name': 'Hogar', 'slug': 'hogar'}]"
43785,Libro interactivo E-Book en Inglés x Caja,2022-12-27,simple,publish,,960.0,960.0,0,1000,"[{'id': 473, 'name': 'Escolar', 'slug': 'escolar'}, {'id': 467, 'name': 'Infantil', 'slug': 'juguetes'}, {'id': 470, 'name': 'Lanzamientos', 'slug': 'lanzamientos'}]"
43779,Libro interactivo E-Book en Inglés,2022-12-27,simple,publish,,40.0,40.0,2,999,"[{'id': 473, 'name': 'Escolar', 'slug': 'escolar'}, {'id': 467, 'name': 'Infantil', 'slug': 'juguetes'}, {'id': 470, 'name': 'Lanzamientos', 'slug': 'lanzamientos'}]"
43774,Libro intercativo inglés y español- Grande x Caja,2022-12-27,simple,publish,,1080.0,1080.0,0,1000,"[{'id': 473, 'name': 'Escolar', 'slug': 'escolar'}, {'id': 467, 'name': 'Infantil', 'slug': 'juguetes'}, {'id': 470, 'name': 'Lanzamientos', 'slug': 'lanzamientos'}, {'id': 464, 'name': 'Oficina', 'slug': 'oficina'}]"
43758,Libro intercativo español e inglés x Caja,2022-12-27,simple,publish,,1680.0,1680.0,0,1000,"[{'id': 473, 'name': 'Escolar', 'slug': 'escolar'}, {'id': 467, 'name': 'Infantil', 'slug': 'juguetes'}, {'id': 470, 'name': 'Lanzamientos', 'slug': 'lanzamientos'}, {'id': 464, 'name': 'Oficina', 'slug': 'oficina'}]"
43731,Libro intercativo E-book inglés y español- Grande,2022-12-27,simple,publish,,90.0,90.0,1,999,"[{'id': 473, 'name': 'Escolar', 'slug': 'escolar'}, {'id': 467, 'name': 'Infantil', 'slug': 'juguetes'}, {'id': 470, 'name': 'Lanzamientos', 'slug': 'lanzamientos'}]"
43703,Libro E-Book intercativo español e inglés,2022-12-27,simple,publish,,55.0,55.0,3,997,"[{'id': 473, 'name': 'Escolar', 'slug': 'escolar'}, {'id': 467, 'name': 'Infantil', 'slug': 'juguetes'}, {'id': 470, 'name': 'Lanzamientos', 'slug': 'lanzamientos'}]"
43673,Cartucheras 3D x Caja,2022-12-27,simple,publish,,630.0,630.0,0,0,"[{'id': 473, 'name': 'Escolar', 'slug': 'escolar'}, {'id': 467, 'name': 'Infantil', 'slug': 'juguetes'}, {'id': 470, 'name': 'Lanzamientos', 'slug': 'lanzamientos'}]"
43672,Cartucheras 3D,2022-12-27,simple,publish,,16.0,16.0,71,429,"[{'id': 473, 'name': 'Escolar', 'slug': 'escolar'}, {'id': 467, 'name': 'Infantil', 'slug': 'juguetes'}, {'id': 470, 'name': 'Lanzamientos', 'slug': 'lanzamientos'}]"
43646,Mochila Arcoiris,2022-12-27,simple,publish,,55.0,55.0,0,0,"[{'id': 473, 'name': 'Escolar', 'slug': 'escolar'}, {'id': 467, 'name': 'Infantil', 'slug': 'juguetes'}, {'id': 470, 'name': 'Lanzamientos', 'slug': 'lanzamientos'}, {'id': 464, 'name': 'Oficina', 'slug': 'oficina'}]"
43647,Mochila Arcoiris X Caja,2022-12-27,simple,publish,1950,1925.0,1925.0,0,0,"[{'id': 473, 'name': 'Escolar', 'slug': 'escolar'}, {'id': 467, 'name': 'Infantil', 'slug': 'juguetes'}, {'id': 470, 'name': 'Lanzamientos', 'slug': 'lanzamientos'}, {'id': 464, 'name': 'Oficina', 'slug': 'oficina'}]"
43634,Mochila Coreana Set de 5 piezas x Caja,2022-12-27,simple,publish,,1800.0,1800.0,0,0,"[{'id': 473, 'name': 'Escolar', 'slug': 'escolar'}, {'id': 465, 'name': 'Hogar', 'slug': 'hogar'}, {'id': 470, 'name': 'Lanzamientos', 'slug': 'lanzamientos'}, {'id': 464, 'name': 'Oficina', 'slug': 'oficina'}]"
43633,Mochila Coreana Set de 5 piezas,2022-12-27,simple,publish,,70.0,70.0,61,88,"[{'id': 473, 'name': 'Escolar', 'slug': 'escolar'}, {'id': 465, 'name': 'Hogar', 'slug': 'hogar'}, {'id': 467, 'name': 'Infantil', 'slug': 'juguetes'}, {'id': 470, 'name': 'Lanzamientos', 'slug': 'lanzamientos'}, {'id': 464, 'name': 'Oficina', 'slug': 'oficina'}, {'id': 25, 'name': 'Ropa', 'slug': 'ropa'}]"
43612,Metralleta AKM 47 x Caja,2022-12-27,simple,publish,,702.0,702.0,2,0,"[{'id': 473, 'name': 'Escolar', 'slug': 'escolar'}, {'id': 467, 'name': 'Infantil', 'slug': 'juguetes'}, {'id': 470, 'name': 'Lanzamientos', 'slug': 'lanzamientos'}]"
43611,Pistola Metralleta AKM 47 con Balines,2022-12-27,simple,publish,,90.0,90.0,25,12,"[{'id': 473, 'name': 'Escolar', 'slug': 'escolar'}, {'id': 465, 'name': 'Hogar', 'slug': 'hogar'}, {'id': 467, 'name': 'Infantil', 'slug': 'juguetes'}, {'id': 470, 'name': 'Lanzamientos', 'slug': 'lanzamientos'}]"
43609,Mochila de Animalitos x caja,2022-12-27,simple,publish,,1480.0,1480.0,0,0,"[{'id': 473, 'name': 'Escolar', 'slug': 'escolar'}, {'id': 467, 'name': 'Infantil', 'slug': 'juguetes'}, {'id': 470, 'name': 'Lanzamientos', 'slug': 'lanzamientos'}]"
43595,Mochila De Animalitos,2022-12-27,simple,publish,,48.0,48.0,23,35,"[{'id': 473, 'name': 'Escolar', 'slug': 'escolar'}, {'id': 467, 'name': 'Infantil', 'slug': 'juguetes'}, {'id': 470, 'name': 'Lanzamientos', 'slug': 'lanzamientos'}]"
43590,Mochila Dino con monedero x Caja,2022-12-27,simple,publish,,850.0,850.0,1,0,"[{'id': 473, 'name': 'Escolar', 'slug': 'escolar'}, {'id': 465, 'name': 'Hogar', 'slug': 'hogar'}, {'id': 467, 'name': 'Infantil', 'slug': 'juguetes'}, {'id': 470, 'name': 'Lanzamientos', 'slug': 'lanzamientos'}]"
43586,Mochila Kinder x Caja,2022-12-27,simple,publish,,750.0,750.0,0,0,"[{'id': 473, 'name': 'Escolar', 'slug': 'escolar'}, {'id': 467, 'name': 'Infantil', 'slug': 'juguetes'}, {'id': 470, 'name': 'Lanzamientos', 'slug': 'lanzamientos'}, {'id': 25, 'name': 'Ropa', 'slug': 'ropa'}]"
43576,Mochila Kinder,2022-12-27,simple,publish,,21.0,21.0,23,33,"[{'id': 473, 'name': 'Escolar', 'slug': 'escolar'}, {'id': 467, 'name': 'Infantil', 'slug': 'juguetes'}, {'id': 470, 'name': 'Lanzamientos', 'slug': 'lanzamientos'}]"
43561,Mochila Dino con monedero,2022-12-27,variable,publish,,29.5,,51,16,"[{'id': 473, 'name': 'Escolar', 'slug': 'escolar'}, {'id': 467, 'name': 'Infantil', 'slug': 'juguetes'}, {'id': 470, 'name': 'Lanzamientos', 'slug': 'lanzamientos'}]"
43512,Conjunto ultrafino estilo Europeo,2022-12-22,variable,publish,,0.0,,1060,500,"[{'id': 466, 'name': 'Belleza', 'slug': 'belleza'}, {'id': 470, 'name': 'Lanzamientos', 'slug': 'lanzamientos'}, {'id': 25, 'name': 'Ropa', 'slug': 'ropa'}]"
43498,Conjunto de lencería Verano- Corte Francés,2022-12-22,simple,publish,,100.0,100.0,1100,0,"[{'id': 468, 'name': 'Festividades', 'slug': 'festividades'}, {'id': 472, 'name': 'Navidad', 'slug': 'navidad'}]"
43421,Cartera Redonda Hombro-Mano,2022-12-21,variable,publish,,35.0,,27,100,"[{'id': 466, 'name': 'Belleza', 'slug': 'belleza'}, {'id': 470, 'name': 'Lanzamientos', 'slug': 'lanzamientos'}, {'id': 464, 'name': 'Oficina', 'slug': 'oficina'}, {'id': 25, 'name': 'Ropa', 'slug': 'ropa'}]"
43267,Set de Arte 208 pz x Caja,2022-12-19,simple,publish,,280.0,280.0,2,3,"[{'id': 473, 'name': 'Escolar', 'slug': 'escolar'}, {'id': 467, 'name': 'Infantil', 'slug': 'juguetes'}, {'id': 470, 'name': 'Lanzamientos', 'slug': 'lanzamientos'}]"
43210,Rompecabezas x 100 Pz +Juego de memoria -Niños,2022-12-16,variable,publish,,12.0,,44,86,"[{'id': 467, 'name': 'Infantil', 'slug': 'juguetes'}, {'id': 470, 'name': 'Lanzamientos', 'slug': 'lanzamientos'}]"
43208,Rompecabezas de 100 pz + juego de memoria,2022-12-16,simple,publish,,12.0,12.0,2,0,"[{'id': 467, 'name': 'Infantil', 'slug': 'juguetes'}, {'id': 470, 'name': 'Lanzamientos', 'slug': 'lanzamientos'}]"
43159,Rejilla de lavadero,2022-12-16,simple,publish,,5.0,5.0,14,21,"[{'id': 465, 'name': 'Hogar', 'slug': 'hogar'}]"
43130,Mochila con pistola de agua,2022-12-16,simple,publish,,30.0,30.0,37,19,"[{'id': 465, 'name': 'Hogar', 'slug': 'hogar'}, {'id': 467, 'name': 'Infantil', 'slug': 'juguetes'}, {'id': 472, 'name': 'Navidad', 'slug': 'navidad'}]"
43013,Porta Cubierto Gorrito,2022-12-13,simple,publish,,3.0,5.0,34,12,"[{'id': 468, 'name': 'Festividades', 'slug': 'festividades'}, {'id': 472, 'name': 'Navidad', 'slug': 'navidad'}]"
42994,Canasta Navideña,2022-12-13,variable,publish,,0.0,,2,99,"[{'id': 468, 'name': 'Festividades', 'slug': 'festividades'}, {'id': 472, 'name': 'Navidad', 'slug': 'navidad'}]"
42976,Tira de luces de navidad -11 diseños,2022-12-13,simple,publish,,6.5,8.0,32,168,"[{'id': 468, 'name': 'Festividades', 'slug': 'festividades'}, {'id': 472, 'name': 'Navidad', 'slug': 'navidad'}]"
42963,Pegatinas pequeñas,2022-12-13,simple,publish,,5.0,10.0,11,7,"[{'id': 468, 'name': 'Festividades', 'slug': 'festividades'}, {'id': 472, 'name': 'Navidad', 'slug': 'navidad'}]"
42837,Luz escarcha de nieve,2022-12-09,simple,publish,,6.5,9.0,27,114,"[{'id': 468, 'name': 'Festividades', 'slug': 'festividades'}, {'id': 472, 'name': 'Navidad', 'slug': 'navidad'}]"
42570,Árbol Pirámide 120cm,2022-12-01,simple,publish,,45.0,45.0,0,0,"[{'id': 468, 'name': 'Festividades', 'slug': 'festividades'}, {'id': 472, 'name': 'Navidad', 'slug': 'navidad'}]"
42332,Jeringa Inyector Para Marinar carnes,2022-11-26,simple,publish,,12.0,20.0,26,0,"[{'id': 465, 'name': 'Hogar', 'slug': 'hogar'}, {'id': 472, 'name': 'Navidad', 'slug': 'navidad'}]"
42283,Individuales dorado x caja,2022-11-25,simple,publish,,550.0,550.0,2,8,"[{'id': 465, 'name': 'Hogar', 'slug': 'hogar'}]"
42274,Taza navideña de 400ml,2022-11-24,simple,publish,,5.0,5.0,39,9,"[{'id': 468, 'name': 'Festividades', 'slug': 'festividades'}, {'id': 470, 'name': 'Lanzamientos', 'slug': 'lanzamientos'}, {'id': 472, 'name': 'Navidad', 'slug': 'navidad'}]"
42241,Guirnalda de navidad - Jaspeadas,2022-11-23,simple,publish,,1.5,5.0,85,216,"[{'id': 468, 'name': 'Festividades', 'slug': 'festividades'}, {'id': 470, 'name': 'Lanzamientos', 'slug': 'lanzamientos'}, {'id': 472, 'name': 'Navidad', 'slug': 'navidad'}]"
42232,Guirnaldas de navidad - verde,2022-11-23,simple,publish,,1.5,5.0,62,438,"[{'id': 468, 'name': 'Festividades', 'slug': 'festividades'}, {'id': 470, 'name': 'Lanzamientos', 'slug': 'lanzamientos'}, {'id': 472, 'name': 'Navidad', 'slug': 'navidad'}]"
42200,Porta Cubiertos Duente,2022-11-23,simple,publish,,3.5,5.0,242,4,"[{'id': 470, 'name': 'Lanzamientos', 'slug': 'lanzamientos'}, {'id': 472, 'name': 'Navidad', 'slug': 'navidad'}]"
42186,Árbol navideño Pirámide 210cm,2022-11-22,simple,publish,,80.0,80.0,0,0,"[{'id': 470, 'name': 'Lanzamientos', 'slug': 'lanzamientos'}, {'id': 472, 'name': 'Navidad', 'slug': 'navidad'}]"
41893,Tetera con filtro 1500ml,2022-11-14,simple,publish,,18.0,18.0,14,4,"[{'id': 465, 'name': 'Hogar', 'slug': 'hogar'}]"
41862,Organizador Kawaii Plegable,2022-11-14,simple,publish,,20.0,20.0,4,20,"[{'id': 470, 'name': 'Lanzamientos', 'slug': 'lanzamientos'}, {'id': 464, 'name': 'Oficina', 'slug': 'oficina'}]"
41813,Cafetera Francesa,2022-11-12,simple,publish,,20.0,20.0,0,0,"[{'id': 465, 'name': 'Hogar', 'slug': 'hogar'}, {'id': 470, 'name': 'Lanzamientos', 'slug': 'lanzamientos'}]"
41802,Cepillo Quita pelo para Gatitos y perritos,2022-11-12,simple,publish,,10.0,10.0,0,0,"[{'id': 465, 'name': 'Hogar', 'slug': 'hogar'}, {'id': 470, 'name': 'Lanzamientos', 'slug': 'lanzamientos'}]"
41799,Cactus porta cepillo toalla,2022-11-11,simple,publish,,3.0,3.0,8,10,"[{'id': 465, 'name': 'Hogar', 'slug': 'hogar'}]"
41798,Sujetador de 4 cables,2022-11-11,simple,publish,,3.9,3.9,48,11,"[{'id': 464, 'name': 'Oficina', 'slug': 'oficina'}]"
41752,Velitas de colores,2022-11-09,simple,publish,,35.0,35.0,4,5,"[{'id': 465, 'name': 'Hogar', 'slug': 'hogar'}]"
41737,Organizador de celular giratorio,2022-11-09,simple,publish,,10.0,10.0,8,0,"[{'id': 470, 'name': 'Lanzamientos', 'slug': 'lanzamientos'}, {'id': 464, 'name': 'Oficina', 'slug': 'oficina'}]"
41666,Mini Tenedores - acero inoxidable,2022-11-07,simple,publish,,8.5,8.5,5,4,"[{'id': 465, 'name': 'Hogar', 'slug': 'hogar'}, {'id': 467, 'name': 'Infantil', 'slug': 'juguetes'}, {'id': 470, 'name': 'Lanzamientos', 'slug': 'lanzamientos'}]"
41631,Alfombra para niños 120x180cm,2022-11-05,simple,publish,,16.0,16.0,25,35,"[{'id': 467, 'name': 'Infantil', 'slug': 'juguetes'}, {'id': 470, 'name': 'Lanzamientos', 'slug': 'lanzamientos'}]"
41584,Filtro de ducha o lavadero,2022-11-03,simple,publish,,2.0,2.0,157,66,"[{'id': 465, 'name': 'Hogar', 'slug': 'hogar'}, {'id': 470, 'name': 'Lanzamientos', 'slug': 'lanzamientos'}]"
41566,Tetera de vidrio con filtro,2022-11-02,simple,publish,,22.0,22.0,5,2,"[{'id': 465, 'name': 'Hogar', 'slug': 'hogar'}, {'id': 470, 'name': 'Lanzamientos', 'slug': 'lanzamientos'}]"
41557,Plancha a Vapor,2022-11-02,simple,publish,,25.0,25.0,20,1,"[{'id': 465, 'name': 'Hogar', 'slug': 'hogar'}, {'id': 470, 'name': 'Lanzamientos', 'slug': 'lanzamientos'}]"
41405,Estante de baño de 2 niveles,2022-10-27,simple,publish,,45.0,45.0,7,0,"[{'id': 465, 'name': 'Hogar', 'slug': 'hogar'}, {'id': 470, 'name': 'Lanzamientos', 'slug': 'lanzamientos'}]"
41295,Taper con compartimentos,2022-10-25,simple,publish,,12.0,12.0,19,6,"[{'id': 465, 'name': 'Hogar', 'slug': 'hogar'}, {'id': 470, 'name': 'Lanzamientos', 'slug': 'lanzamientos'}]"
41223,"Estante Organizador de esponjas, cepillos...",2022-10-20,simple,publish,,5.0,5.0,23,1,"[{'id': 465, 'name': 'Hogar', 'slug': 'hogar'}, {'id': 470, 'name': 'Lanzamientos', 'slug': 'lanzamientos'}]"
41218,Set de cubiertos Kawaii,2022-10-20,simple,publish,,6.9,6.9,19,0,"[{'id': 465, 'name': 'Hogar', 'slug': 'hogar'}, {'id': 467, 'name': 'Infantil', 'slug': 'juguetes'}]"
41209,Set de Cuchillos Navidad,2022-10-20,simple,publish,,25.0,35.0,9,0,"[{'id': 465, 'name': 'Hogar', 'slug': 'hogar'}, {'id': 470, 'name': 'Lanzamientos', 'slug': 'lanzamientos'}]"
41199,Tomatodo kawaii diseño frutal,2022-10-20,simple,publish,,5.0,5.0,10,0,"[{'id': 467, 'name': 'Infantil', 'slug': 'juguetes'}]"
41196,Tomatodo kawaii diseño lazo,2022-10-20,simple,publish,,5.0,5.0,11,0,"[{'id': 467, 'name': 'Infantil', 'slug': 'juguetes'}, {'id': 470, 'name': 'Lanzamientos', 'slug': 'lanzamientos'}]"
41180,Secadora Profesional,2022-10-19,simple,publish,,25.0,25.0,17,8,"[{'id': 466, 'name': 'Belleza', 'slug': 'belleza'}, {'id': 470, 'name': 'Lanzamientos', 'slug': 'lanzamientos'}]"
41163,Ice Globe - Masajeador Facial,2022-10-19,simple,publish,,20.0,20.0,220,939,"[{'id': 466, 'name': 'Belleza', 'slug': 'belleza'}, {'id': 470, 'name': 'Lanzamientos', 'slug': 'lanzamientos'}]"
41123,Funda Navideña para silla x caja,2022-10-18,simple,publish,,1050.0,1050.0,0,0,"[{'id': 470, 'name': 'Lanzamientos', 'slug': 'lanzamientos'}, {'id': 472, 'name': 'Navidad', 'slug': 'navidad'}]"
41075,Carro Volador,2022-10-15,simple,publish,,34.0,34.0,0,0,"[{'id': 467, 'name': 'Infantil', 'slug': 'juguetes'}, {'id': 470, 'name': 'Lanzamientos', 'slug': 'lanzamientos'}]"
41056,Reloj con carro a control,2022-10-15,simple,publish,,30.0,30.0,0,0,"[{'id': 467, 'name': 'Infantil', 'slug': 'juguetes'}, {'id': 470, 'name': 'Lanzamientos', 'slug': 'lanzamientos'}]"
41044,Lanza Cohetes,2022-10-15,simple,publish,,58.0,58.0,17,0,"[{'id': 467, 'name': 'Infantil', 'slug': 'juguetes'}, {'id': 470, 'name': 'Lanzamientos', 'slug': 'lanzamientos'}, {'id': 472, 'name': 'Navidad', 'slug': 'navidad'}]"
40965,Árbol navideño Pirámide 180cm,2022-10-12,simple,publish,,60.0,60.0,0,0,"[{'id': 470, 'name': 'Lanzamientos', 'slug': 'lanzamientos'}, {'id': 472, 'name': 'Navidad', 'slug': 'navidad'}]"
40962,Scooter Patineta,2022-10-12,simple,publish,,40.0,40.0,15,0,"[{'id': 467, 'name': 'Infantil', 'slug': 'juguetes'}, {'id': 470, 'name': 'Lanzamientos', 'slug': 'lanzamientos'}]"
40880,"Tablet Pizarra Mágica 12""",2022-10-07,simple,publish,,18.0,18.0,7,0,"[{'id': 467, 'name': 'Infantil', 'slug': 'juguetes'}, {'id': 470, 'name': 'Lanzamientos', 'slug': 'lanzamientos'}]"
40866,"Pizarra Digital mágica 10""",2022-10-07,simple,publish,,16.0,16.0,0,0,"[{'id': 467, 'name': 'Infantil', 'slug': 'juguetes'}, {'id': 470, 'name': 'Lanzamientos', 'slug': 'lanzamientos'}]"
40844,Alfombra Kids 150cm x180cm,2022-10-06,simple,publish,,18.0,18.0,18,0,"[{'id': 465, 'name': 'Hogar', 'slug': 'hogar'}, {'id': 467, 'name': 'Infantil', 'slug': 'juguetes'}, {'id': 470, 'name': 'Lanzamientos', 'slug': 'lanzamientos'}]"
40833,Fuentes navideñas circulares y ovaladas,2022-10-05,simple,publish,,4.5,10.0,10,0,"[{'id': 472, 'name': 'Navidad', 'slug': 'navidad'}]"
40769,Cajas Recicladas en buen estado,2022-10-03,variable,publish,,0.0,,60,0,"[{'id': 465, 'name': 'Hogar', 'slug': 'hogar'}, {'id': 464, 'name': 'Oficina', 'slug': 'oficina'}]"
40754,Separador y organizador de Cajones,2022-10-03,simple,publish,,4.0,4.0,85,85,"[{'id': 465, 'name': 'Hogar', 'slug': 'hogar'}, {'id': 470, 'name': 'Lanzamientos', 'slug': 'lanzamientos'}, {'id': 464, 'name': 'Oficina', 'slug': 'oficina'}]"
40745,Organizador de lapiceros Kawaii,2022-10-03,simple,publish,,5.0,5.0,15,7,"[{'id': 465, 'name': 'Hogar', 'slug': 'hogar'}, {'id': 464, 'name': 'Oficina', 'slug': 'oficina'}]"
40711,Porta Vino Abrigo,2022-09-28,simple,publish,,5.5,8.0,138,12,"[{'id': 470, 'name': 'Lanzamientos', 'slug': 'lanzamientos'}, {'id': 472, 'name': 'Navidad', 'slug': 'navidad'}]"
40698,Triciclo Good Rabbit,2022-09-28,simple,publish,,100.0,100.0,14,0,"[{'id': 467, 'name': 'Infantil', 'slug': 'juguetes'}, {'id': 470, 'name': 'Lanzamientos', 'slug': 'lanzamientos'}]"
40617,Triciclo Basico,2022-09-24,simple,publish,,60.0,60.0,19,0,"[{'id': 467, 'name': 'Infantil', 'slug': 'juguetes'}, {'id': 470, 'name': 'Lanzamientos', 'slug': 'lanzamientos'}]"
40590,Pop Tube Caracol,2022-09-23,simple,publish,,5.0,5.0,0,0,"[{'id': 467, 'name': 'Infantil', 'slug': 'juguetes'}, {'id': 470, 'name': 'Lanzamientos', 'slug': 'lanzamientos'}]"
40585,POP TUBE PAPA NOEL,2022-09-23,simple,publish,,5.5,5.5,0,0,"[{'id': 467, 'name': 'Infantil', 'slug': 'juguetes'}]"
40575,Aro Luz Led 26cm + Tripode 210cm,2022-09-23,simple,publish,,35.0,35.0,30,1,"[{'id': 465, 'name': 'Hogar', 'slug': 'hogar'}, {'id': 470, 'name': 'Lanzamientos', 'slug': 'lanzamientos'}, {'id': 464, 'name': 'Oficina', 'slug': 'oficina'}]"
40506,Papel Tapiz 3mm -Blanco,2022-09-20,simple,publish,,4.5,4.5,544,1000,"[{'id': 465, 'name': 'Hogar', 'slug': 'hogar'}]"
40466,Papel de Freidora,2022-09-19,simple,publish,,10.0,10.0,290,73,"[{'id': 465, 'name': 'Hogar', 'slug': 'hogar'}]"
40417,"Fundas Navideñas para Silla, Cubiertos y Vinos",2022-09-16,simple,publish,SW0001001000,149.0,300.0,0,0,"[{'id': 468, 'name': 'Festividades', 'slug': 'festividades'}, {'id': 472, 'name': 'Navidad', 'slug': 'navidad'}]"
40330,Porta Cubierto papá Noel,2022-09-13,simple,publish,,4.2,6.0,140,55,"[{'id': 468, 'name': 'Festividades', 'slug': 'festividades'}, {'id': 472, 'name': 'Navidad', 'slug': 'navidad'}]"
40316,Porta vino Naylon -Navideño,2022-09-13,simple,publish,,6.0,10.0,117,18,"[{'id': 468, 'name': 'Festividades', 'slug': 'festividades'}, {'id': 472, 'name': 'Navidad', 'slug': 'navidad'}]"
40165,Farolito navideño,2022-09-09,simple,publish,,6.0,12.0,430,191,"[{'id': 468, 'name': 'Festividades', 'slug': 'festividades'}, {'id': 472, 'name': 'Navidad', 'slug': 'navidad'}]"
40152,Funda Navideña para silla,2022-09-09,simple,publish,,11.0,11.0,351,14,"[{'id': 468, 'name': 'Festividades', 'slug': 'festividades'}, {'id': 472, 'name': 'Navidad', 'slug': 'navidad'}]"
40008,Cepillo 3 en 1,2022-09-09,simple,publish,SW0001000000,2.5,5.0,76,15,"[{'id': 465, 'name': 'Hogar', 'slug': 'hogar'}]"
39861,Set x 5 Bolws,2022-08-31,simple,publish,,15.9,15.9,3,0,"[{'id': 465, 'name': 'Hogar', 'slug': 'hogar'}]"
39792,Lonchera Termica Kawaii,2022-08-25,simple,publish,,6.5,12.0,125,102,"[{'id': 473, 'name': 'Escolar', 'slug': 'escolar'}, {'id': 465, 'name': 'Hogar', 'slug': 'hogar'}, {'id': 464, 'name': 'Oficina', 'slug': 'oficina'}]"
39748,Condimentero 5 en 1,2022-08-25,simple,publish,,7.0,7.0,10,0,"[{'id': 465, 'name': 'Hogar', 'slug': 'hogar'}]"
39731,Foco Con Sensor,2022-08-25,simple,publish,,10.0,10.0,0,0,"[{'id': 465, 'name': 'Hogar', 'slug': 'hogar'}]"
39691,Taper Kawaii con compartimientos,2022-08-25,simple,publish,,10.0,10.0,10,0,"[{'id': 465, 'name': 'Hogar', 'slug': 'hogar'}]"
39675,Set de Protector de Talón,2022-08-25,simple,publish,,3.0,3.0,224,92,"[{'id': 466, 'name': 'Belleza', 'slug': 'belleza'}, {'id': 465, 'name': 'Hogar', 'slug': 'hogar'}]"
39668,Jabonera,2022-08-25,simple,publish,,4.5,4.5,14,0,"[{'id': 465, 'name': 'Hogar', 'slug': 'hogar'}]"
39653,Cobertor de alimentos,2022-08-25,simple,publish,,4.0,4.0,13,-1,"[{'id': 465, 'name': 'Hogar', 'slug': 'hogar'}]"
39526,Maletín de viaje - Oxford,2022-08-19,simple,publish,,25.0,25.0,16,0,"[{'id': 466, 'name': 'Belleza', 'slug': 'belleza'}, {'id': 465, 'name': 'Hogar', 'slug': 'hogar'}]"
39463,Cepillo para niños,2022-08-12,simple,publish,,8.0,8.0,37,3,"[{'id': 466, 'name': 'Belleza', 'slug': 'belleza'}, {'id': 465, 'name': 'Hogar', 'slug': 'hogar'}]"
39385,Abridor de botellas de cerveza,2022-08-04,simple,publish,,12.0,12.0,86,1,"[{'id': 468, 'name': 'Festividades', 'slug': 'festividades'}, {'id': 465, 'name': 'Hogar', 'slug': 'hogar'}]"
39247,Porta Cables pack 4 unid,2022-07-25,simple,publish,,6.0,6.0,13,0,"[{'id': 464, 'name': 'Oficina', 'slug': 'oficina'}]"
39239,Set de Ropa 1 pieza,2022-07-25,simple,publish,,10.0,10.0,1,0,"[{'id': 465, 'name': 'Hogar', 'slug': 'hogar'}]"
39208,Vincha Kawaii,2022-07-22,simple,publish,,6.0,6.0,68,0,"[{'id': 466, 'name': 'Belleza', 'slug': 'belleza'}]"
39175,Cucharon Kawaii,2022-07-20,simple,publish,,6.0,6.0,19,0,"[{'id': 465, 'name': 'Hogar', 'slug': 'hogar'}]"
39156,Reloj 3D,2022-07-20,simple,publish,,30.0,30.0,58,0,"[{'id': 465, 'name': 'Hogar', 'slug': 'hogar'}]"
39075,Peine Antipulgas Eléctrico,2022-07-14,simple,publish,,20.0,20.0,5,3,"[{'id': 465, 'name': 'Hogar', 'slug': 'hogar'}]"
39062,Esquinero de Ducha 280cm x caja,2022-07-13,simple,publish,,396.0,396.0,7,0,"[{'id': 465, 'name': 'Hogar', 'slug': 'hogar'}]"
39018,Escarapelas y banderitas de metal,2022-07-09,simple,publish,,0.8,0.8,295,705,"[{'id': 468, 'name': 'Festividades', 'slug': 'festividades'}]"
38984,Regilla de Hojas,2022-07-08,simple,publish,,45.0,45.0,18,0,"[{'id': 465, 'name': 'Hogar', 'slug': 'hogar'}, {'id': 470, 'name': 'Lanzamientos', 'slug': 'lanzamientos'}]"
38897,Parrilla Portátil,2022-07-03,simple,publish,,65.0,65.0,8,0,"[{'id': 465, 'name': 'Hogar', 'slug': 'hogar'}]"
38857,Pinza de Freir,2022-06-30,simple,publish,,3.5,3.5,70,6,"[{'id': 465, 'name': 'Hogar', 'slug': 'hogar'}]"
38809,Notebook cooler,2022-06-27,simple,publish,,20.0,20.0,40,0,"[{'id': 465, 'name': 'Hogar', 'slug': 'hogar'}, {'id': 464, 'name': 'Oficina', 'slug': 'oficina'}]"
38755,Cartera Corazón,2022-06-22,simple,publish,,13.5,13.5,25,0,"[{'id': 466, 'name': 'Belleza', 'slug': 'belleza'}, {'id': 25, 'name': 'Ropa', 'slug': 'ropa'}]"
38483,Tripode Profesional - 3110 x caja,2022-06-10,simple,publish,,120.0,120.0,7,0,"[{'id': 465, 'name': 'Hogar', 'slug': 'hogar'}, {'id': 464, 'name': 'Oficina', 'slug': 'oficina'}]"
38335,"Taza ""Bebito Fiu Fiu""",2022-06-02,simple,publish,,6.5,6.5,90,0,"[{'id': 468, 'name': 'Festividades', 'slug': 'festividades'}, {'id': 465, 'name': 'Hogar', 'slug': 'hogar'}]"
38286,Organizador de ropa x Docena,2022-06-02,simple,publish,,108.0,108.0,7,0,"[{'id': 465, 'name': 'Hogar', 'slug': 'hogar'}, {'id': 25, 'name': 'Ropa', 'slug': 'ropa'}]"
38276,Organizador de Ropa - Set x3,2022-06-02,simple,publish,,20.0,20.0,62,6,"[{'id': 466, 'name': 'Belleza', 'slug': 'belleza'}, {'id': 25, 'name': 'Ropa', 'slug': 'ropa'}]"
38253,Mochila Kawaii Juvenil,2022-05-28,simple,publish,,20.0,20.0,107,0,"[{'id': 25, 'name': 'Ropa', 'slug': 'ropa'}]"
38059,Repisa Humanoide,2022-05-25,simple,publish,,15.0,15.0,79,13,"[{'id': 465, 'name': 'Hogar', 'slug': 'hogar'}]"
37993,Organizador Regulable de 5 pisos,2022-05-25,simple,publish,,230.0,400.0,1,0,"[{'id': 465, 'name': 'Hogar', 'slug': 'hogar'}]"
37915,Organizador Regulable - 4 pisos,2022-05-24,simple,publish,,215.0,380.0,1,0,"[{'id': 465, 'name': 'Hogar', 'slug': 'hogar'}]"
37909,Zapatera Multifuncional,2022-05-23,simple,publish,,60.0,60.0,67,0,"[{'id': 465, 'name': 'Hogar', 'slug': 'hogar'}]"
37903,Mini Set De Arte - 42 Pcs,2022-05-23,simple,publish,,5.0,12.0,40,0,"[{'id': 465, 'name': 'Hogar', 'slug': 'hogar'}, {'id': 467, 'name': 'Infantil', 'slug': 'juguetes'}]"
37407,Taza Medidora para Niños,2022-05-19,simple,publish,,10.0,15.0,66,8,"[{'id': 465, 'name': 'Hogar', 'slug': 'hogar'}]"
37398,Lonchera Térmica,2022-05-19,simple,publish,,9.0,15.0,177,0,"[{'id': 465, 'name': 'Hogar', 'slug': 'hogar'}]"
37387,Morrales para niños y niñas,2022-05-19,simple,publish,,7.0,15.0,170,143,"[{'id': 473, 'name': 'Escolar', 'slug': 'escolar'}, {'id': 465, 'name': 'Hogar', 'slug': 'hogar'}, {'id': 467, 'name': 'Infantil', 'slug': 'juguetes'}]"
37347,Tripack - Tijera + Afilador + Pelador de frutas,2022-05-16,simple,publish,,7.5,12.0,10,0,"[{'id': 465, 'name': 'Hogar', 'slug': 'hogar'}]"
37332,Taper Círcular de 5Pcs,2022-05-16,simple,publish,,14.0,24.0,13,0,"[{'id': 465, 'name': 'Hogar', 'slug': 'hogar'}]"
37306,Soporte de Celular con Espejo - 2 en 1,2022-05-14,simple,publish,,1.0,5.5,164,6,"[{'id': 465, 'name': 'Hogar', 'slug': 'hogar'}, {'id': 464, 'name': 'Oficina', 'slug': 'oficina'}]"
37297,Perchero -Colgador-Forma S,2022-05-14,simple,publish,,5.5,10.0,86,0,"[{'id': 465, 'name': 'Hogar', 'slug': 'hogar'}, {'id': 25, 'name': 'Ropa', 'slug': 'ropa'}]"
37270,Esponjitas de Maquillaje En Forma de Fruta,2022-05-13,simple,publish,,2.5,5.0,43,17,"[{'id': 466, 'name': 'Belleza', 'slug': 'belleza'}]"
37235,Gorras Americanas - Unisex,2022-05-11,simple,publish,,4.0,8.0,0,600,"[{'id': 470, 'name': 'Lanzamientos', 'slug': 'lanzamientos'}, {'id': 25, 'name': 'Ropa', 'slug': 'ropa'}]"
37220,Gorro + Cuellera,2022-05-11,simple,publish,,12.0,12.0,81,1000,"[{'id': 470, 'name': 'Lanzamientos', 'slug': 'lanzamientos'}, {'id': 25, 'name': 'Ropa', 'slug': 'ropa'}]"
37209,Rallador Multifuncional de acero inoxidable grueso - 3 PCS,2022-05-11,simple,publish,,24.0,35.0,34,0,"[{'id': 465, 'name': 'Hogar', 'slug': 'hogar'}]"
37197,CONDIMENTERO -16 PIEZAS- GIRATORIO 360°,2022-05-11,simple,publish,,65.0,99.0,2,0,"[{'id': 465, 'name': 'Hogar', 'slug': 'hogar'}]"
37189,PACK CHELERO - 2 LATAS,2022-05-10,simple,publish,,3.0,5.0,22,0,"[{'id': 468, 'name': 'Festividades', 'slug': 'festividades'}]"
37181,RAMO CHELERO - 5 LATAS,2022-05-10,simple,publish,,4.5,8.0,176,47,"[{'id': 468, 'name': 'Festividades', 'slug': 'festividades'}]"
36990,Casaca Parkas -Princesa,2022-05-03,simple,publish,,70.0,70.0,101,1000,"[{'id': 470, 'name': 'Lanzamientos', 'slug': 'lanzamientos'}, {'id': 25, 'name': 'Ropa', 'slug': 'ropa'}, {'id': 474, 'name': 'Temporada', 'slug': 'temporada'}]"
36942,Boob Tape-Marron y Café,2022-04-28,simple,publish,VR218096-1,9.5,9.5,977,0,"[{'id': 466, 'name': 'Belleza', 'slug': 'belleza'}, {'id': 25, 'name': 'Ropa', 'slug': 'ropa'}]"
36924,Globo Bouquet-N° 20,2022-04-27,simple,publish,,6.0,15.0,119,57,"[{'id': 468, 'name': 'Festividades', 'slug': 'festividades'}, {'id': 465, 'name': 'Hogar', 'slug': 'hogar'}, {'id': 464, 'name': 'Oficina', 'slug': 'oficina'}]"
36910,Caja Misteriosa,2022-04-26,variable,publish,,50.0,,26,0,"[{'id': 468, 'name': 'Festividades', 'slug': 'festividades'}, {'id': 465, 'name': 'Hogar', 'slug': 'hogar'}]"
36860,TAZAS para el día de la madre -13 oz,2022-04-20,simple,publish,,0.0,,46,0,"[{'id': 468, 'name': 'Festividades', 'slug': 'festividades'}]"
36843,CAJA DE SORPRESA POR EL DÍA DE LA MADRE 15CM X 15CM,2022-04-18,simple,publish,,0.0,0.0,105,0,"[{'id': 468, 'name': 'Festividades', 'slug': 'festividades'}]"
36839,Caja para regalar a Mamá - 20cm x 20cm,2022-04-18,simple,publish,,3.0,5.0,77,0,"[{'id': 468, 'name': 'Festividades', 'slug': 'festividades'}]"
36608,"Fregadero de cocina de acero inoxidable, soporte para platos, escurridor de fregadero, estante de secado de platos",2022-04-09,simple,publish,,150.0,150.0,8,0,"[{'id': 25, 'name': 'Ropa', 'slug': 'ropa'}]"
36582,Conservador y Calentador de Alimentos - No Eléctrico,2022-04-07,simple,publish,,70.0,120.0,13,0,"[{'id': 465, 'name': 'Hogar', 'slug': 'hogar'}]"
36573,Escurridor multifuncional para cocina - Set 6 piezas,2022-04-07,simple,publish,,9.0,19.0,29,0,"[{'id': 465, 'name': 'Hogar', 'slug': 'hogar'}]"
36562,Organizador de Huevos - 2 niveles -acrílico- 36 huevos,2022-04-07,simple,publish,,45.0,60.0,41,5,"[{'id': 465, 'name': 'Hogar', 'slug': 'hogar'}]"
36520,Rosa de la eternidad para el día de la madre,2022-04-02,simple,publish,,15.0,15.0,384,0,"[{'id': 468, 'name': 'Festividades', 'slug': 'festividades'}]"
36516,Ramo de Rosas perfumadas,2022-04-02,simple,publish,,4.9,10.0,241,12,"[{'id': 466, 'name': 'Belleza', 'slug': 'belleza'}, {'id': 464, 'name': 'Oficina', 'slug': 'oficina'}]"
36506,VASO DE CERÁMICA CON MANGO DORADO,2022-04-02,simple,publish,,18.0,35.0,63,3,"[{'id': 465, 'name': 'Hogar', 'slug': 'hogar'}, {'id': 464, 'name': 'Oficina', 'slug': 'oficina'}]"
36468,"Aceitera con spray / Pulverizador de aceite para barbacoa, creativo, 180ml",2022-04-01,simple,publish,,6.0,12.0,91,0,"[{'id': 465, 'name': 'Hogar', 'slug': 'hogar'}]"
36462,Palito Selfie con cable,2022-04-01,simple,publish,,9.0,18.0,48,3,"[{'id': 465, 'name': 'Hogar', 'slug': 'hogar'}, {'id': 464, 'name': 'Oficina', 'slug': 'oficina'}]"
36445,FOCO LED -GIRATORIO- para fiestas,2022-04-01,simple,publish,,0.0,,23,0,"[{'id': 465, 'name': 'Hogar', 'slug': 'hogar'}]"
36429,TAZA POR DÍA DEL PADRE,2022-03-30,simple,publish,,8.0,14.0,42,0,"[{'id': 468, 'name': 'Festividades', 'slug': 'festividades'}]"
36421,TAZAS POR EL DÍA DE LA MADRE,2022-03-30,simple,publish,,8.0,8.0,65,0,"[{'id': 468, 'name': 'Festividades', 'slug': 'festividades'}]"
36333,Asiento Gel de 1Kg,2022-03-23,simple,publish,,24.5,24.5,56,0,"[{'id': 465, 'name': 'Hogar', 'slug': 'hogar'}, {'id': 470, 'name': 'Lanzamientos', 'slug': 'lanzamientos'}]"
36324,LUZ USB MULTICOLOR,2022-03-23,simple,publish,,6.0,6.0,65,11,"[{'id': 465, 'name': 'Hogar', 'slug': 'hogar'}, {'id': 464, 'name': 'Oficina', 'slug': 'oficina'}]"
36296,Set de Arte 208 Pz,2022-03-22,simple,publish,,40.0,40.0,76,54,"[{'id': 473, 'name': 'Escolar', 'slug': 'escolar'}, {'id': 465, 'name': 'Hogar', 'slug': 'hogar'}, {'id': 467, 'name': 'Infantil', 'slug': 'juguetes'}, {'id': 470, 'name': 'Lanzamientos', 'slug': 'lanzamientos'}]"
36277,LONCHERA + TOAMATODO,2022-03-21,simple,publish,,8.0,8.0,60,0,"[{'id': 465, 'name': 'Hogar', 'slug': 'hogar'}]"
36261,Armario de zapatero portátil de 9 niveles con cubierta de tela y diseño,2022-03-19,simple,publish,,70.0,70.0,79,0,"[{'id': 465, 'name': 'Hogar', 'slug': 'hogar'}, {'id': 25, 'name': 'Ropa', 'slug': 'ropa'}]"
36107,DISPENSADOR DE GEL PERFUMADO DE 60ML - 100 und,2022-03-14,simple,publish,,90.0,90.0,2,0,"[{'id': 465, 'name': 'Hogar', 'slug': 'hogar'}]"
36100,GEL SANITIZANTE - CAJA de 12 UNID,2022-03-12,simple,publish,,58.0,58.0,2,0,"[{'id': 466, 'name': 'Belleza', 'slug': 'belleza'}, {'id': 465, 'name': 'Hogar', 'slug': 'hogar'}, {'id': 464, 'name': 'Oficina', 'slug': 'oficina'}]"
36097,GEL SANITIZANTE para manos - Neutro cont. 237ml,2022-03-12,simple,publish,,5.5,5.5,0,0,"[{'id': 466, 'name': 'Belleza', 'slug': 'belleza'}, {'id': 465, 'name': 'Hogar', 'slug': 'hogar'}, {'id': 464, 'name': 'Oficina', 'slug': 'oficina'}]"
36088,Dispensador de Gel Antibacterial,2022-03-11,simple,publish,,0.2,5.0,1,0,"[{'id': 466, 'name': 'Belleza', 'slug': 'belleza'}, {'id': 465, 'name': 'Hogar', 'slug': 'hogar'}, {'id': 464, 'name': 'Oficina', 'slug': 'oficina'}]"
36075,PACK DE DISPENSADOR EN GEL -Diseños de Disney -marca Tuinies,2022-03-11,simple,publish,,7.5,15.0,38,0,"[{'id': 465, 'name': 'Hogar', 'slug': 'hogar'}]"
36063,Mascarillas para niños y niñas,2022-03-08,simple,publish,,0.0,,91,0,"[{'id': 464, 'name': 'Oficina', 'slug': 'oficina'}, {'id': 25, 'name': 'Ropa', 'slug': 'ropa'}]"
36059,SET JOYERO - 3 PIEZAS (Collar +aretes + anillo + rosa de jabón),2022-03-08,simple,publish,,25.0,25.0,0,0,"[{'id': 466, 'name': 'Belleza', 'slug': 'belleza'}]"
36053,Set Globo Super Mamá de 5PCS (100PACKS),2022-03-08,simple,publish,,0.0,,0,0,"[{'id': 468, 'name': 'Festividades', 'slug': 'festividades'}]"
36016,Brasier Mágico,2022-03-05,simple,publish,,12.0,35.0,194,0,"[{'id': 466, 'name': 'Belleza', 'slug': 'belleza'}, {'id': 25, 'name': 'Ropa', 'slug': 'ropa'}]"
36002,Porta Mascarillas,2022-03-04,simple,publish,,2.0,5.0,1548,0,"[{'id': 466, 'name': 'Belleza', 'slug': 'belleza'}, {'id': 465, 'name': 'Hogar', 'slug': 'hogar'}, {'id': 464, 'name': 'Oficina', 'slug': 'oficina'}]"
35986,Mochila Oxford Antirrobo -Caja de 50 unid,2022-02-28,simple,publish,,1450.0,1450.0,96,60,"[{'id': 464, 'name': 'Oficina', 'slug': 'oficina'}, {'id': 25, 'name': 'Ropa', 'slug': 'ropa'}]"
35971,Dispensador de alcohol en gel -Kawaii,2022-02-25,simple,publish,,24.0,24.0,2,0,"[{'id': 465, 'name': 'Hogar', 'slug': 'hogar'}, {'id': 464, 'name': 'Oficina', 'slug': 'oficina'}]"
35951,Aro LED de 32cm + cargador + control,2022-02-23,simple,publish,,30.0,30.0,51,0,"[{'id': 465, 'name': 'Hogar', 'slug': 'hogar'}, {'id': 464, 'name': 'Oficina', 'slug': 'oficina'}]"
35940,Silla Gamer -160º,2022-02-22,variable,publish,,400.0,,8,5,"[{'id': 465, 'name': 'Hogar', 'slug': 'hogar'}, {'id': 464, 'name': 'Oficina', 'slug': 'oficina'}]"
35215,Tomatodo Snackeez,2022-02-18,simple,publish,,12.0,24.0,12,0,"[{'id': 465, 'name': 'Hogar', 'slug': 'hogar'}]"
34906,Ramo Happy Mon (CAJA),2022-02-14,simple,publish,,1500.0,1500.0,0,0,"[{'id': 468, 'name': 'Festividades', 'slug': 'festividades'}]"
34890,Alarma antirrobo,2022-02-14,simple,publish,,15.0,15.0,1,0,"[{'id': 465, 'name': 'Hogar', 'slug': 'hogar'}]"
34889,Piso Laminado Adhesivo,2022-02-14,simple,publish,,4.5,6.5,58,0,"[{'id': 465, 'name': 'Hogar', 'slug': 'hogar'}]"
34888,Tomatodo unicornio,2022-02-14,simple,publish,,1.5,3.5,383,0,"[{'id': 465, 'name': 'Hogar', 'slug': 'hogar'}]"
34887,Mini Waflera,2022-02-14,simple,publish,,45.0,45.0,46,0,"[{'id': 465, 'name': 'Hogar', 'slug': 'hogar'}]"
34886,ORGANIZADOR DE MENESTRAS,2022-02-14,simple,publish,,60.0,60.0,38,30,"[{'id': 465, 'name': 'Hogar', 'slug': 'hogar'}]"
34880,TARJETA 3D FLOWERS,2022-02-14,simple,publish,,13.0,13.0,0,0,"[{'id': 468, 'name': 'Festividades', 'slug': 'festividades'}]"
34735,Mochila Unicornio Kawaii + Tomatodo unicornio,2022-02-11,simple,publish,,38.0,48.0,50,0,"[{'id': 465, 'name': 'Hogar', 'slug': 'hogar'}]"
34693,Dispensador doble Fila - 3 en 1,2022-02-06,simple,publish,,40.0,40.0,21,0,"[{'id': 465, 'name': 'Hogar', 'slug': 'hogar'}]"
34599,Lonchera Hamburguesa,2022-02-04,simple,publish,,10.0,10.0,129,118,"[{'id': 465, 'name': 'Hogar', 'slug': 'hogar'}, {'id': 470, 'name': 'Lanzamientos', 'slug': 'lanzamientos'}]"
34555,Estante de 5 pisos - Versátil,2022-01-11,simple,publish,,280.0,280.0,9,0,"[{'id': 25, 'name': 'Ropa', 'slug': 'ropa'}]"
34511,Piso Navideño-Antideslizante,2021-12-17,simple,publish,,5.9,10.0,64,9,"[{'id': 468, 'name': 'Festividades', 'slug': 'festividades'}, {'id': 472, 'name': 'Navidad', 'slug': 'navidad'}]"
34499,Cuadro Selfi Año nuevo,2021-12-16,simple,publish,,20.0,20.0,9,0,"[{'id': 468, 'name': 'Festividades', 'slug': 'festividades'}]"
34482,Bombarda Dollar y confeti,2021-12-14,simple,publish,,3.5,6.5,76,67,"[{'id': 468, 'name': 'Festividades', 'slug': 'festividades'}, {'id': 465, 'name': 'Hogar', 'slug': 'hogar'}]"
34446,Velas mágicas,2021-12-08,simple,publish,,14.5,20.0,33,0,"[{'id': 468, 'name': 'Festividades', 'slug': 'festividades'}, {'id': 465, 'name': 'Hogar', 'slug': 'hogar'}, {'id': 464, 'name': 'Oficina', 'slug': 'oficina'}]"
34431,Tope de Puerta - Potito,2021-12-08,simple,publish,,1.5,3.0,318,94,"[{'id': 465, 'name': 'Hogar', 'slug': 'hogar'}]"
34421,Papa Noel-Escalera eléctrica,2021-12-06,simple,publish,,29.0,40.0,68,4,"[{'id': 468, 'name': 'Festividades', 'slug': 'festividades'}, {'id': 472, 'name': 'Navidad', 'slug': 'navidad'}]"
34407,Luz cascada - 3 metros,2021-12-04,simple,publish,,16.0,25.0,134,3,"[{'id': 468, 'name': 'Festividades', 'slug': 'festividades'}, {'id': 472, 'name': 'Navidad', 'slug': 'navidad'}]"
34347,Tendedero Antideslizante-5mts,2021-11-25,simple,publish,,5.0,5.0,133,59,"[{'id': 465, 'name': 'Hogar', 'slug': 'hogar'}]"
34334,Gancho Kawaii -Set 10 Piezas,2021-11-24,simple,publish,,7.0,12.0,156,29,"[{'id': 465, 'name': 'Hogar', 'slug': 'hogar'}]"
34329,Papel Aluminio de 3 mts por 61cm,2021-11-24,simple,publish,,10.0,10.0,2,0,"[{'id': 465, 'name': 'Hogar', 'slug': 'hogar'}]"
34325,ESTUCHE MULTIUSO,2021-11-24,simple,publish,,10.0,10.0,0,0,"[{'id': 465, 'name': 'Hogar', 'slug': 'hogar'}]"
34309,Pistola de Burgujas - 8 huecos,2021-11-23,simple,publish,,2.5,15.0,255,0,"[{'id': 467, 'name': 'Infantil', 'slug': 'juguetes'}]"
34300,Velas LED -24 piezas,2021-11-20,simple,publish,,40.0,40.0,19,0,"[{'id': 468, 'name': 'Festividades', 'slug': 'festividades'}]"
34242,Monedero Pop It en forma de Fruta,2021-11-12,simple,publish,,6.0,12.0,397,145,"[{'id': 467, 'name': 'Infantil', 'slug': 'juguetes'}]"
34220,"Puff Navideño ""plegable""",2021-11-09,simple,publish,,17.0,17.0,34,1,"[{'id': 468, 'name': 'Festividades', 'slug': 'festividades'}, {'id': 472, 'name': 'Navidad', 'slug': 'navidad'}]"
34217,Papá Noel con Reno musical,2021-11-09,simple,publish,,28.0,28.0,47,0,"[{'id': 468, 'name': 'Festividades', 'slug': 'festividades'}]"
34212,Papá Noel Esacalador de cuerda dorada,2021-11-09,simple,publish,,30.0,30.0,96,20,"[{'id': 468, 'name': 'Festividades', 'slug': 'festividades'}, {'id': 472, 'name': 'Navidad', 'slug': 'navidad'}]"
34207,Luz de emergencia,2021-11-09,simple,publish,,27.0,50.0,60,0,"[{'id': 465, 'name': 'Hogar', 'slug': 'hogar'}]"
34197,CARTUCHERA POP IT,2021-11-07,simple,publish,,19.0,19.0,100,0,"[{'id': 467, 'name': 'Infantil', 'slug': 'juguetes'}]"
34189,Muñecos Bobos | Juego del Calamar,2021-11-07,simple,publish,,3.5,3.5,41,0,"[{'id': 468, 'name': 'Festividades', 'slug': 'festividades'}]"
34163,Set de Cortauñas,2021-11-04,simple,publish,,12.0,12.0,33,0,"[{'id': 466, 'name': 'Belleza', 'slug': 'belleza'}]"
34156,Manguera Explandible a 7metros,2021-11-04,simple,publish,,15.0,15.0,42,0,"[{'id': 465, 'name': 'Hogar', 'slug': 'hogar'}]"
34150,Luz tira: color ámbar,2021-11-04,simple,publish,,15.0,15.0,110,0,"[{'id': 468, 'name': 'Festividades', 'slug': 'festividades'}, {'id': 472, 'name': 'Navidad', 'slug': 'navidad'}]"
34142,Llavero 3D - Juego del Calamar,2021-11-04,simple,publish,,2.0,5.0,48,0,"[{'id': 467, 'name': 'Infantil', 'slug': 'juguetes'}]"
34137,JOYEROS de 5 niveles,2021-11-04,simple,publish,,25.0,25.0,45,0,"[{'id': 466, 'name': 'Belleza', 'slug': 'belleza'}]"
34094,LUZ CASCADA ESTRELLA,2021-10-27,simple,publish,,32.0,32.0,40,0,"[{'id': 468, 'name': 'Festividades', 'slug': 'festividades'}]"
34061,Alfombra Didáctica,2021-10-25,simple,publish,,28.0,28.0,27,0,"[{'id': 467, 'name': 'Infantil', 'slug': 'juguetes'}]"
34060,Esponja Mágica,2021-10-25,simple,publish,,2.5,5.0,322,0,"[{'id': 466, 'name': 'Belleza', 'slug': 'belleza'}]"
34047,Globos de Cantoya,2021-10-25,simple,publish,,0.7,5.0,537,28,"[{'id': 468, 'name': 'Festividades', 'slug': 'festividades'}, {'id': 472, 'name': 'Navidad', 'slug': 'navidad'}]"
34048,Almohada Ergonómica,2021-10-25,simple,publish,,33.0,33.0,20,0,"[{'id': 25, 'name': 'Ropa', 'slug': 'ropa'}]"
34041,POP IT Summer Tornasolado - OFERTA,2021-10-25,simple,publish,,2.0,2.0,775,8,"[{'id': 467, 'name': 'Infantil', 'slug': 'juguetes'}]"
34005,Cesta Freidora - acero inoxidable,2021-10-20,simple,publish,,10.0,16.0,52,0,"[{'id': 465, 'name': 'Hogar', 'slug': 'hogar'}]"
33866,SOPORTE PARA CEPILLOS SAPITO,2021-10-14,simple,publish,,3.0,5.5,165,0,"[{'id': 465, 'name': 'Hogar', 'slug': 'hogar'}]"
33803,Cepillo masajeador capilar,2021-10-13,simple,publish,,2.5,6.0,190,0,"[{'id': 466, 'name': 'Belleza', 'slug': 'belleza'}]"
33794,Adornos Navideños,2021-10-13,simple,publish,,30.0,30.0,133,1,"[{'id': 468, 'name': 'Festividades', 'slug': 'festividades'}, {'id': 472, 'name': 'Navidad', 'slug': 'navidad'}]"
33789,Kit de tazas de navidad,2021-10-13,simple,publish,,9.0,9.0,54,0,"[{'id': 468, 'name': 'Festividades', 'slug': 'festividades'}]"
33779,Audifono POP IT,2021-10-12,simple,publish,,42.0,65.0,77,0,"[{'id': 467, 'name': 'Infantil', 'slug': 'juguetes'}, {'id': 464, 'name': 'Oficina', 'slug': 'oficina'}]"
33772,Morral POP IT,2021-10-12,simple,publish,,28.0,28.0,253,0,"[{'id': 467, 'name': 'Infantil', 'slug': 'juguetes'}]"
33764,Morral Unicornio POP IT,2021-10-12,simple,publish,,15.0,15.0,317,0,"[{'id': 467, 'name': 'Infantil', 'slug': 'juguetes'}]"
33656,Set Colette de niña,2021-10-02,simple,publish,,13.0,20.0,149,0,"[{'id': 466, 'name': 'Belleza', 'slug': 'belleza'}, {'id': 25, 'name': 'Ropa', 'slug': 'ropa'}]"
33646,Pegatinas navideñas,2021-10-02,simple,publish,,8.0,20.0,693,116,"[{'id': 468, 'name': 'Festividades', 'slug': 'festividades'}, {'id': 472, 'name': 'Navidad', 'slug': 'navidad'}]"
33611,Espátula doble,2021-09-30,simple,publish,,8.0,8.0,119,0,"[{'id': 465, 'name': 'Hogar', 'slug': 'hogar'}]"
33600,ALFOMBRA DE NAVIDAD,2021-09-30,simple,publish,,10.0,35.0,39,13,"[{'id': 468, 'name': 'Festividades', 'slug': 'festividades'}, {'id': 472, 'name': 'Navidad', 'slug': 'navidad'}]"
33593,Papel aluminio 5 mts * 40 cm,2021-09-29,simple,publish,,8.0,8.0,71,1,"[{'id': 465, 'name': 'Hogar', 'slug': 'hogar'}]"
33586,Organizador de ropa x 12 Unidades,2021-09-29,simple,publish,,48.0,90.0,218,24,"[{'id': 25, 'name': 'Ropa', 'slug': 'ropa'}]"
33374,"Repostero de Ollas, Tapas y más",2021-09-25,simple,publish,,55.0,55.0,10,0,"[{'id': 465, 'name': 'Hogar', 'slug': 'hogar'}]"
33273,ESPEJOS DECO MCO,2021-09-22,simple,publish,,8.0,18.0,100,0,"[{'id': 465, 'name': 'Hogar', 'slug': 'hogar'}, {'id': 464, 'name': 'Oficina', 'slug': 'oficina'}]"
33204,PERCHERO ADHESIVO,2021-09-20,simple,publish,,3.8,3.8,143,0,"[{'id': 465, 'name': 'Hogar', 'slug': 'hogar'}, {'id': 25, 'name': 'Ropa', 'slug': 'ropa'}]"
33169,Bolsas Navideñas,2021-09-18,simple,publish,,5.0,5.0,630,0,"[{'id': 468, 'name': 'Festividades', 'slug': 'festividades'}, {'id': 472, 'name': 'Navidad', 'slug': 'navidad'}]"
33166,Lapiceros Navideños,2021-09-18,simple,publish,,3.0,3.0,122,1,"[{'id': 468, 'name': 'Festividades', 'slug': 'festividades'}, {'id': 472, 'name': 'Navidad', 'slug': 'navidad'}]"
33120,Juegos de individuales,2021-09-14,simple,publish,,18.0,18.0,63,0,"[{'id': 465, 'name': 'Hogar', 'slug': 'hogar'}]"
33109,Selladora manual,2021-09-13,simple,publish,,45.0,45.0,1,0,"[{'id': 465, 'name': 'Hogar', 'slug': 'hogar'}]"
33082,COLGADORES PLEGABLES -2 niveles,2021-09-09,simple,publish,,68.0,68.0,12,0,"[{'id': 465, 'name': 'Hogar', 'slug': 'hogar'}]"
32973,Mascarilla negra clásica delgada,2021-09-06,simple,publish,,7.5,7.5,32,0,"[{'id': 466, 'name': 'Belleza', 'slug': 'belleza'}, {'id': 25, 'name': 'Ropa', 'slug': 'ropa'}]"
32964,Mascarillas doble,2021-09-04,simple,publish,,7.0,7.0,48,0,"[{'id': 466, 'name': 'Belleza', 'slug': 'belleza'}, {'id': 25, 'name': 'Ropa', 'slug': 'ropa'}]"
32963,Mascarillas NK95 para adultos,2021-09-04,simple,publish,,6.0,6.0,96,0,"[{'id': 466, 'name': 'Belleza', 'slug': 'belleza'}, {'id': 25, 'name': 'Ropa', 'slug': 'ropa'}]"
32962,Mascarillas KN95 para niños(as),2021-09-04,simple,publish,,8.0,8.0,96,0,"[{'id': 466, 'name': 'Belleza', 'slug': 'belleza'}, {'id': 25, 'name': 'Ropa', 'slug': 'ropa'}]"
32943,Rueditas Adhesivas 360°,2021-09-03,simple,publish,,7.0,7.0,100,0,"[{'id': 465, 'name': 'Hogar', 'slug': 'hogar'}, {'id': 464, 'name': 'Oficina', 'slug': 'oficina'}]"
32928,Soporte para laptop,2021-09-03,variable,publish,,0.0,,43,0,"[{'id': 465, 'name': 'Hogar', 'slug': 'hogar'}, {'id': 464, 'name': 'Oficina', 'slug': 'oficina'}]"
32918,Organizador de llaves y cucharones,2021-09-03,simple,publish,,5.0,5.0,135,0,"[{'id': 465, 'name': 'Hogar', 'slug': 'hogar'}]"
32913,One Step: 3 en 1,2021-09-03,simple,publish,,40.0,40.0,16,0,"[{'id': 466, 'name': 'Belleza', 'slug': 'belleza'}]"
32906,Angry mamá,2021-09-03,simple,publish,,5.5,5.5,106,4,"[{'id': 465, 'name': 'Hogar', 'slug': 'hogar'}]"
32901,Limpia vidrio magnético,2021-09-03,simple,publish,,8.5,16.0,119,0,"[{'id': 465, 'name': 'Hogar', 'slug': 'hogar'}]"
32892,Batidor manual,2021-09-03,variable,publish,,0.0,,62,24,"[{'id': 465, 'name': 'Hogar', 'slug': 'hogar'}]"
32887,Cesto organizador,2021-09-03,variable,publish,,0.0,,121,0,"[{'id': 465, 'name': 'Hogar', 'slug': 'hogar'}, {'id': 25, 'name': 'Ropa', 'slug': 'ropa'}]"
32851,Dispensador Baúl,2021-09-01,variable,publish,,0.0,,30,0,"[{'id': 465, 'name': 'Hogar', 'slug': 'hogar'}]"
32848,"Picador de ajo, verduras y más",2021-08-31,simple,publish,,10.0,10.0,195,0,"[{'id': 465, 'name': 'Hogar', 'slug': 'hogar'}]"
32789,Joyero Giratorio con espejo,2021-08-26,simple,publish,,15.0,20.0,45,0,"[{'id': 466, 'name': 'Belleza', 'slug': 'belleza'}]"
32767,Estante de lavadora,2021-08-19,simple,publish,,60.0,60.0,2,0,"[{'id': 465, 'name': 'Hogar', 'slug': 'hogar'}]"
32733,PORTA HUEVOS -15 huevos,2021-08-17,simple,publish,,8.5,15.0,4,0,"[{'id': 465, 'name': 'Hogar', 'slug': 'hogar'}]"
32725,FLEX TAPE,2021-08-17,simple,publish,,4.0,10.0,463,785,"[{'id': 465, 'name': 'Hogar', 'slug': 'hogar'}]"
32714,Star Belly,2021-08-17,simple,publish,,20.0,40.0,72,0,"[{'id': 467, 'name': 'Infantil', 'slug': 'juguetes'}]"
32709,Set Condimentero -12pcs,2021-08-17,simple,publish,,45.0,60.0,61,0,"[{'id': 465, 'name': 'Hogar', 'slug': 'hogar'}]"
32704,Alfombra Arcoiris,2021-08-17,simple,publish,,15.0,15.0,119,0,"[{'id': 465, 'name': 'Hogar', 'slug': 'hogar'}]"
32690,POP IT - navideño,2021-08-16,simple,publish,,1.5,5.0,592,181,"[{'id': 468, 'name': 'Festividades', 'slug': 'festividades'}, {'id': 472, 'name': 'Navidad', 'slug': 'navidad'}]"
32682,"POP IT - MIXTO animales divertidos (among us, unicornio, dinosauri ...)",2021-08-16,variable,publish,,0.0,,1816,0,"[{'id': 467, 'name': 'Infantil', 'slug': 'juguetes'}]"
32658,"POP IT: TABLERO ""LUDO""- incluye dados",2021-08-14,simple,publish,,20.0,20.0,374,0,"[{'id': 467, 'name': 'Infantil', 'slug': 'juguetes'}]"
32649,"POP IT ""Formas: corazón, Rectangular, Circular y hexágono""",2021-08-14,simple,publish,,10.0,10.0,717,0,"[{'id': 467, 'name': 'Infantil', 'slug': 'juguetes'}]"
32648,DISPENSADOR DOBLE FILA,2021-08-14,simple,publish,,25.0,25.0,0,0,"[{'id': 465, 'name': 'Hogar', 'slug': 'hogar'}]"
32619,Condimentero Giratorio- Acrílico- 4 pisos,2021-08-11,simple,publish,,20.0,20.0,42,0,"[{'id': 465, 'name': 'Hogar', 'slug': 'hogar'}]"
32612,Adaptador de enchufe multiple,2021-08-11,simple,publish,,5.0,5.0,194,82,"[{'id': 465, 'name': 'Hogar', 'slug': 'hogar'}, {'id': 464, 'name': 'Oficina', 'slug': 'oficina'}]"
32607,Estante de baño Curvo,2021-08-11,simple,publish,,550.0,550.0,19,0,"[{'id': 465, 'name': 'Hogar', 'slug': 'hogar'}]"
32599,Bralets Women,2021-08-10,simple,publish,,15.2,15.2,3,0,"[{'id': 466, 'name': 'Belleza', 'slug': 'belleza'}, {'id': 464, 'name': 'Oficina', 'slug': 'oficina'}]"
32486,Hervidor de Vidrio 2Lts,2021-08-07,variable,publish,VR218150,0.0,,11,0,"[{'id': 465, 'name': 'Hogar', 'slug': 'hogar'}]"
32479,PAPEL DE ALUMINIO ADHESIVO : 3metros * 40 cm,2021-08-07,simple,publish,VR218149,6.0,12.0,539,0,"[{'id': 465, 'name': 'Hogar', 'slug': 'hogar'}]"
32471,Cargador 5G+ - Original LED,2021-08-07,simple,publish,VR218147,12.0,12.0,21,0,"[{'id': 465, 'name': 'Hogar', 'slug': 'hogar'}, {'id': 464, 'name': 'Oficina', 'slug': 'oficina'}]"
32463,PORTA CEPILLO + dispensador de pasta,2021-08-07,simple,publish,VR218146,5.5,5.5,248,0,"[{'id': 465, 'name': 'Hogar', 'slug': 'hogar'}]"
32458,Dispensador de lavavajilla,2021-08-07,variable,publish,VR218145,0.0,,88,0,"[{'id': 465, 'name': 'Hogar', 'slug': 'hogar'}]"
32453,PACK de cepillo dentado - Lavavajillas,2021-08-07,variable,publish,VR218144,0.0,,219,0,"[{'id': 465, 'name': 'Hogar', 'slug': 'hogar'}]"
32447,Organizador,2021-08-07,simple,publish,VR218143,8.0,8.0,12,10,"[{'id': 465, 'name': 'Hogar', 'slug': 'hogar'}]"
32441,PORTA HUEVOS,2021-08-07,simple,publish,VR218142,15.0,15.0,31,0,"[{'id': 465, 'name': 'Hogar', 'slug': 'hogar'}]"
32436,Separador de Maiz,2021-08-07,simple,publish,VR218141,10.0,20.0,65,2,"[{'id': 465, 'name': 'Hogar', 'slug': 'hogar'}]"
32353,Filtro de silicona,2021-08-07,simple,publish,VR218140,5.0,5.0,173,8,"[{'id': 465, 'name': 'Hogar', 'slug': 'hogar'}]"
32347,Guante de Silicona x Par,2021-08-07,simple,publish,VR218139,5.0,5.0,570,6,"[{'id': 465, 'name': 'Hogar', 'slug': 'hogar'}]"
32074,soporte de celular,2021-07-27,variable,publish,VR218121,0.0,,198,0,"[{'id': 465, 'name': 'Hogar', 'slug': 'hogar'}, {'id': 464, 'name': 'Oficina', 'slug': 'oficina'}]"
32066,Dispensador de aceite -Grande -500 ml,2021-07-27,simple,publish,VR218120,9.5,9.5,214,0,"[{'id': 465, 'name': 'Hogar', 'slug': 'hogar'}, {'id': 470, 'name': 'Lanzamientos', 'slug': 'lanzamientos'}]"
32056,Cortador de Piña,2021-07-27,simple,publish,VR218119,5.0,10.0,193,18,"[{'id': 465, 'name': 'Hogar', 'slug': 'hogar'}]"
32055,ESTANTE DE ALIMENTOS,2021-07-27,variable,publish,VR218118,0.0,,31,0,"[{'id': 465, 'name': 'Hogar', 'slug': 'hogar'}]"
32037,Bolitas Desenredantes de Lavandería,2021-07-27,simple,publish,VR218117,0.5,0.5,1250,0,"[{'id': 465, 'name': 'Hogar', 'slug': 'hogar'}, {'id': 25, 'name': 'Ropa', 'slug': 'ropa'}]"
32029,Cucharon 2 en 1,2021-07-26,simple,publish,VR218116,4.0,4.0,202,7,"[{'id': 465, 'name': 'Hogar', 'slug': 'hogar'}]"
31998,Soporte para cucharones y tapas,2021-07-23,simple,publish,VR218115,2.5,2.5,742,310,"[{'id': 465, 'name': 'Hogar', 'slug': 'hogar'}]"
31992,Aceitero con dosificador -500 ml,2021-07-23,simple,publish,VR218114,13.5,13.5,95,0,"[{'id': 465, 'name': 'Hogar', 'slug': 'hogar'}]"
31959,Calculadora Kawaii,2021-07-22,simple,publish,VR218113,16.0,16.0,55,0,"[{'id': 465, 'name': 'Hogar', 'slug': 'hogar'}, {'id': 464, 'name': 'Oficina', 'slug': 'oficina'}]"
31957,Sujetadores de cables de celular,2021-07-22,simple,publish,VR218112,2.5,5.0,90,-10,"[{'id': 465, 'name': 'Hogar', 'slug': 'hogar'}, {'id': 464, 'name': 'Oficina', 'slug': 'oficina'}]"
31945,Regadera de agua para bebe kawaii,2021-07-22,variable,publish,VR218109,0.0,,61,0,"[{'id': 465, 'name': 'Hogar', 'slug': 'hogar'}]"
31938,Pizarra de niños,2021-07-22,variable,publish,VR218108,0.0,,60,0,"[{'id': 465, 'name': 'Hogar', 'slug': 'hogar'}]"
31935,Molino rallador de fruta giratoria,2021-07-22,variable,publish,VR218107,0.0,,71,0,"[{'id': 465, 'name': 'Hogar', 'slug': 'hogar'}]"
31930,Porta Toalla 4 brazos,2021-07-22,simple,publish,VR218106,5.0,8.0,356,0,"[{'id': 465, 'name': 'Hogar', 'slug': 'hogar'}]"
31909,Estantes de baño - Cuadrado,2021-07-21,simple,publish,VR218098,49.5,49.5,277,57,"[{'id': 465, 'name': 'Hogar', 'slug': 'hogar'}]"
31890,BOOB TAPE - BEIGE,2021-07-19,simple,publish,VR218096,15.0,15.0,3381,89,"[{'id': 466, 'name': 'Belleza', 'slug': 'belleza'}, {'id': 25, 'name': 'Ropa', 'slug': 'ropa'}]"
31885,Dispensador Spray de aceite + embudo,2021-07-19,variable,publish,VR218095,0.0,,224,6,"[{'id': 465, 'name': 'Hogar', 'slug': 'hogar'}]"
31879,Organizador de maquillaje -mediano giro 360°,2021-07-19,simple,publish,VR218094,20.0,20.0,62,0,"[{'id': 465, 'name': 'Hogar', 'slug': 'hogar'}]"
31873,Set Colette Niñas,2021-07-19,simple,publish,VR218093,15.0,15.0,145,0,"[{'id': 465, 'name': 'Hogar', 'slug': 'hogar'}]"
31869,Mini-cepillos de lavar platos,2021-07-19,simple,publish,VR218092,3.5,3.5,3,0,"[{'id': 465, 'name': 'Hogar', 'slug': 'hogar'}]"
31811,Cepillo quita pelusa,2021-07-17,simple,publish,VR218090,12.0,12.0,160,39,"[{'id': 465, 'name': 'Hogar', 'slug': 'hogar'}, {'id': 470, 'name': 'Lanzamientos', 'slug': 'lanzamientos'}]"
31793,Exprimidor de pasta dental + soporte de cepillos,2021-07-15,variable,publish,VR218089,0.0,,39,0,"[{'id': 465, 'name': 'Hogar', 'slug': 'hogar'}]"
31783,Mantas Luminosas,2021-07-15,simple,publish,VR218088,24.5,24.5,6,0,"[{'id': 25, 'name': 'Ropa', 'slug': 'ropa'}]"
31737,Alfombra para cocina,2021-07-14,simple,publish,VR218087,20.0,20.0,107,0,"[{'id': 465, 'name': 'Hogar', 'slug': 'hogar'}]"
31675,Taza Calentadora de Café,2021-07-13,variable,publish,VR218075,0.0,,39,0,"[{'id': 465, 'name': 'Hogar', 'slug': 'hogar'}]"
31660,Pisos Kawaii Antideslizantes,2021-07-13,variable,publish,VR218064,0.0,,113,0,"[{'id': 465, 'name': 'Hogar', 'slug': 'hogar'}]"
31621,Esquinero de ducha,2021-07-13,simple,publish,VR218063,45.0,45.0,164,100,"[{'id': 465, 'name': 'Hogar', 'slug': 'hogar'}, {'id': 470, 'name': 'Lanzamientos', 'slug': 'lanzamientos'}]"
31586,Luz Led con control Remoto,2021-07-10,simple,publish,VR218062,18.0,18.0,101,-1,"[{'id': 465, 'name': 'Hogar', 'slug': 'hogar'}, {'id': 464, 'name': 'Oficina', 'slug': 'oficina'}]"
31576,Esquineros Organizador Unitario,2021-07-08,variable,publish,VR218061,0.0,,26,0,"[{'id': 465, 'name': 'Hogar', 'slug': 'hogar'}]"
31521,Escobilla dispensadora para cocina,2021-06-30,simple,publish,VR218060,5.0,5.0,6,0,"[{'id': 465, 'name': 'Hogar', 'slug': 'hogar'}]"
31512,Almohadas Ortopédicas,2021-06-30,simple,publish,VR218059,18.5,20.0,24,0,"[{'id': 465, 'name': 'Hogar', 'slug': 'hogar'}, {'id': 25, 'name': 'Ropa', 'slug': 'ropa'}]"
31465,Happy Nappers- Talla L,2021-06-27,variable,publish,VR218058,0.0,,85,0,"[{'id': 467, 'name': 'Infantil', 'slug': 'juguetes'}, {'id': 25, 'name': 'Ropa', 'slug': 'ropa'}]"
31450,Tachos Plegables,2021-06-27,variable,publish,VR218055,0.0,,149,0,"[{'id': 465, 'name': 'Hogar', 'slug': 'hogar'}]"
31445,Peine 3 en 1,2021-06-26,simple,publish,VR218054,39.5,39.5,13,0,"[{'id': 466, 'name': 'Belleza', 'slug': 'belleza'}]"
31440,Paltas Kawaii Verdes,2021-06-26,simple,publish,VR218052,8.9,8.9,4,0,"[{'id': 465, 'name': 'Hogar', 'slug': 'hogar'}, {'id': 464, 'name': 'Oficina', 'slug': 'oficina'}]"
31442,Chanchito Kawaii Rosa,2021-06-26,simple,publish,VR218053,7.0,7.0,2,0,"[{'id': 465, 'name': 'Hogar', 'slug': 'hogar'}, {'id': 464, 'name': 'Oficina', 'slug': 'oficina'}]"
31423,Deslizador de Muebles,2021-06-21,simple,publish,VR218051,20.0,35.0,3,0,"[{'id': 465, 'name': 'Hogar', 'slug': 'hogar'}]"
31415,Afilador de Cuchillos y Tijeras,2021-06-21,variable,publish,VR218050,0.0,,185,0,"[{'id': 465, 'name': 'Hogar', 'slug': 'hogar'}]"
31401,cesta multifunción,2021-06-16,simple,publish,VR218049,17.0,17.0,20,0,"[{'id': 465, 'name': 'Hogar', 'slug': 'hogar'}, {'id': 25, 'name': 'Ropa', 'slug': 'ropa'}]"
31397,Rollo de papel toalla Reutilizable,2021-06-16,simple,publish,VR218048,7.0,7.0,259,26,"[{'id': 465, 'name': 'Hogar', 'slug': 'hogar'}]"
31387,Cactus Bailarín 120 canciones USB,2021-06-16,simple,publish,VR218047,35.0,35.0,123,0,"[{'id': 467, 'name': 'Infantil', 'slug': 'juguetes'}, {'id': 464, 'name': 'Oficina', 'slug': 'oficina'}]"
31370,Gel zanitizante,2021-06-16,simple,publish,VR218046,12.0,12.0,20,0,"[{'id': 465, 'name': 'Hogar', 'slug': 'hogar'}]"
30993,Reloj mata moscas,2021-06-13,variable,publish,VR218042,0.0,,9,0,"[{'id': 465, 'name': 'Hogar', 'slug': 'hogar'}]"
30954,Cepillo para inodoro en forma de cereza,2021-06-12,variable,publish,VR218033,0.0,,3,0,"[{'id': 465, 'name': 'Hogar', 'slug': 'hogar'}]"
30950,Sani Sticks,2021-06-12,simple,publish,VR218032,2.0,10.0,360,45,"[{'id': 465, 'name': 'Hogar', 'slug': 'hogar'}]"
30949,Dispensador de pasta dental,2021-06-12,variable,publish,VR218031,0.0,,3,0,"[{'id': 465, 'name': 'Hogar', 'slug': 'hogar'}]"
30945,Colgadores escarchados,2021-06-12,simple,publish,VR218030,1.0,4.0,80,0,"[{'id': 465, 'name': 'Hogar', 'slug': 'hogar'}]"
30884,Foco Mata Mosco,2021-06-07,simple,publish,VR218024,10.0,12.0,6,0,"[{'id': 465, 'name': 'Hogar', 'slug': 'hogar'}]"
30875,Esponja de Ducha,2021-06-07,simple,publish,VR218023,5.0,5.0,6,0,"[{'id': 465, 'name': 'Hogar', 'slug': 'hogar'}]"
30870,Tonificador de Abdominales,2021-06-06,simple,publish,VR218022,12.0,20.0,2,0,"[{'id': 25, 'name': 'Ropa', 'slug': 'ropa'}]"
30855,Almohadas led,2021-06-06,simple,publish,VR218021,14.0,20.0,6,0,"[{'id': 25, 'name': 'Ropa', 'slug': 'ropa'}]"
30853,Taza con pétalos de Jabón,2021-06-06,simple,publish,VR218020,18.0,25.0,4,0,"[{'id': 468, 'name': 'Festividades', 'slug': 'festividades'}]"
30850,Mini aspiradora Para Hogar,2021-06-06,simple,publish,VR218019,20.0,30.0,1,0,"[{'id': 465, 'name': 'Hogar', 'slug': 'hogar'}]"
30848,Sujetador de Escoba surtido,2021-06-06,simple,publish,VR218018,2.5,2.5,124,3,"[{'id': 465, 'name': 'Hogar', 'slug': 'hogar'}]"
30844,Condimentero de Metal Imantado,2021-06-06,simple,publish,VR218017,10.0,15.0,4,0,"[{'id': 465, 'name': 'Hogar', 'slug': 'hogar'}]"
30841,Babero de Silicona,2021-06-06,simple,publish,VR218016,12.0,12.0,2,0,"[{'id': 25, 'name': 'Ropa', 'slug': 'ropa'}]"
30837,Tapas de Lavadero,2021-06-06,simple,publish,VR218015,4.0,4.0,3,0,"[{'id': 465, 'name': 'Hogar', 'slug': 'hogar'}]"
30834,Contador de papa,2021-06-06,simple,publish,VR218014,4.0,10.0,3,0,"[{'id': 465, 'name': 'Hogar', 'slug': 'hogar'}]"
30832,Tomatodo Kawaii,2021-06-06,simple,publish,VR218013,12.0,20.0,6,0,"[{'id': 465, 'name': 'Hogar', 'slug': 'hogar'}]"
30826,Pantalón Cordoroy,2021-06-06,simple,publish,VR218012,20.0,40.0,1,0,"[{'id': 25, 'name': 'Ropa', 'slug': 'ropa'}]"
30802,Colgador de Toallas 5 brazos,2021-06-06,simple,publish,VR218011,8.0,12.0,6,0,"[{'id': 465, 'name': 'Hogar', 'slug': 'hogar'}, {'id': 25, 'name': 'Ropa', 'slug': 'ropa'}]"
30793,Gorro para niños,2021-06-06,simple,publish,VR218010,5.0,5.0,4,0,"[{'id': 25, 'name': 'Ropa', 'slug': 'ropa'}]"
30790,Taza para el amor,2021-06-06,simple,publish,VR218009,15.0,15.0,44,0,"[{'id': 465, 'name': 'Hogar', 'slug': 'hogar'}, {'id': 464, 'name': 'Oficina', 'slug': 'oficina'}]"
30769,Pack de borradores animados -20 piezas,2021-06-05,simple,publish,VR218008,9.0,12.0,13,0,"[{'id': 465, 'name': 'Hogar', 'slug': 'hogar'}, {'id': 464, 'name': 'Oficina', 'slug': 'oficina'}]"
30763,Cesto plegable,2021-06-05,simple,publish,VR218007,18.0,20.0,10,0,"[{'id': 465, 'name': 'Hogar', 'slug': 'hogar'}, {'id': 25, 'name': 'Ropa', 'slug': 'ropa'}]"
30759,Cesto de ropa de Tela,2021-06-05,simple,publish,VR218006,10.0,15.0,22,0,"[{'id': 465, 'name': 'Hogar', 'slug': 'hogar'}, {'id': 25, 'name': 'Ropa', 'slug': 'ropa'}]"
30753,Papel Tapiz 5MM: 70cm * 77cm,2021-06-05,simple,publish,VR218005,6.5,10.0,914,0,"[{'id': 465, 'name': 'Hogar', 'slug': 'hogar'}, {'id': 464, 'name': 'Oficina', 'slug': 'oficina'}]"
30750,Colgador 3D -Paraguas -Pack de 4 piezas,2021-06-05,simple,publish,VR218004,6.0,8.0,47,0,"[{'id': 465, 'name': 'Hogar', 'slug': 'hogar'}, {'id': 464, 'name': 'Oficina', 'slug': 'oficina'}]"
30748,Limpia vidrio con pulverizador,2021-06-05,simple,publish,VR218003,4.0,4.0,18,0,"[{'id': 465, 'name': 'Hogar', 'slug': 'hogar'}]"
30738,Gorro +Cuellera para Dama,2021-06-05,simple,publish,VR218002,12.0,12.0,9,1000,"[{'id': 25, 'name': 'Ropa', 'slug': 'ropa'}]"
30700,Porta Celular adhesivo,2021-06-01,simple,publish,SH000085,2.5,2.5,1255,70,"[{'id': 465, 'name': 'Hogar', 'slug': 'hogar'}, {'id': 464, 'name': 'Oficina', 'slug': 'oficina'}]"
30695,Colgador de Zapatillas 360,2021-06-01,variable,publish,SH000084,0.0,,149,0,"[{'id': 25, 'name': 'Ropa', 'slug': 'ropa'}]"
30688,Dispensador de aceite 330ML,2021-06-01,variable,publish,SH000083,0.0,,64,0,"[{'id': 25, 'name': 'Ropa', 'slug': 'ropa'}]"
30528,Taza de vidrio -Día del padre,2021-05-29,simple,publish,SH000082,8.0,12.0,38,0,"[{'id': 465, 'name': 'Hogar', 'slug': 'hogar'}]"
30521,Afilador de cuchillos con mango,2021-05-29,simple,publish,SH000081,15.0,20.0,9,9,"[{'id': 465, 'name': 'Hogar', 'slug': 'hogar'}]"
30474,Pelador de Frutas y Verduras con recipiente,2021-05-26,variable,publish,SH000080,0.0,,37,0,"[{'id': 465, 'name': 'Hogar', 'slug': 'hogar'}]"
30471,Faja Térmica Reductora sin broche,2021-05-26,simple,publish,SH000079,18.0,18.0,3,0,"[{'id': 466, 'name': 'Belleza', 'slug': 'belleza'}]"
30354,Rosas de Jabón-Pack de 22 rosas,2021-05-07,variable,publish,SH000078,0.0,,240,-8,"[{'id': 465, 'name': 'Hogar', 'slug': 'hogar'}]"
29457,Urinario Sapito,2021-04-12,variable,publish,SH000074,0.0,,2,0,"[{'id': 465, 'name': 'Hogar', 'slug': 'hogar'}]"
29437,Clip De Sellado Multifunción,2021-04-12,variable,publish,SH000054,0.0,,11,0,"[{'id': 465, 'name': 'Hogar', 'slug': 'hogar'}]"
29434,Sujetador De Sandillas Y Toallas,2021-04-12,variable,publish,SH000051,0.0,,7,0,"[{'id': 465, 'name': 'Hogar', 'slug': 'hogar'}]"
29490,Medias Tobilleras Girasol,2021-04-12,simple,publish,SH000077,3.0,10.0,19,0,"[{'id': 25, 'name': 'Ropa', 'slug': 'ropa'}]"
29489,Medias Cat,2021-04-12,simple,publish,SH000076,5.0,10.0,12,0,"[{'id': 25, 'name': 'Ropa', 'slug': 'ropa'}]"
29458,Medias Tobillera Cat,2021-04-12,simple,publish,SH000075,5.0,10.0,3,0,"[{'id': 25, 'name': 'Ropa', 'slug': 'ropa'}]"
29449,Organizador De Maquillaje Acrílico Giratorio 360° - Grande,2021-04-12,simple,publish,SH000066,32.0,32.0,141,3,"[{'id': 466, 'name': 'Belleza', 'slug': 'belleza'}]"
29450,Parlante Honguito,2021-04-12,variable,publish,SH000067,0.0,,46,0,"[{'id': 465, 'name': 'Hogar', 'slug': 'hogar'}, {'id': 464, 'name': 'Oficina', 'slug': 'oficina'}]"
29451,Tonificador De Glúteos,2021-04-12,simple,publish,SH000068,14.0,20.0,7,0,"[{'id': 466, 'name': 'Belleza', 'slug': 'belleza'}]"
29452,Salida De Baño,2021-04-12,variable,publish,SH000069,0.0,,19,0,"[{'id': 466, 'name': 'Belleza', 'slug': 'belleza'}]"
29453,Toallas Reguladoras De Temperatura,2021-04-12,variable,publish,SH000070,0.0,,9,0,"[{'id': 25, 'name': 'Ropa', 'slug': 'ropa'}]"
29454,Soporte De Abdominales,2021-04-12,simple,publish,SH000071,30.0,30.0,1,0,"[{'id': 465, 'name': 'Hogar', 'slug': 'hogar'}]"
29455,Fajas Reductoras,2021-04-12,simple,publish,SH000072,15.0,20.0,13,0,"[{'id': 466, 'name': 'Belleza', 'slug': 'belleza'}]"
29456,Servilletero Porta Celular,2021-04-12,simple,publish,SH000073,15.0,15.0,5,0,"[{'id': 465, 'name': 'Hogar', 'slug': 'hogar'}]"
29441,Cuchara Medidora,2021-04-12,simple,publish,SH000058,13.5,13.5,4,0,"[{'id': 465, 'name': 'Hogar', 'slug': 'hogar'}]"
29442,Escamador De Pescado,2021-04-12,variable,publish,SH000059,0.0,,11,0,"[{'id': 465, 'name': 'Hogar', 'slug': 'hogar'}]"
29443,Balanza Digital Gramera,2021-04-12,simple,publish,SH000060,15.0,15.0,15,2,"[{'id': 465, 'name': 'Hogar', 'slug': 'hogar'}]"
29444,Cartera Carrito,2021-04-12,variable,publish,SH000061,0.0,,18,0,"[{'id': 465, 'name': 'Hogar', 'slug': 'hogar'}]"
29445,Soporte + Cuchara De Arroz,2021-04-12,variable,publish,SH000062,0.0,,9,0,"[{'id': 465, 'name': 'Hogar', 'slug': 'hogar'}]"
29446,Jabón En Lámina,2021-04-12,variable,publish,SH000063,0.0,,24,0,"[{'id': 466, 'name': 'Belleza', 'slug': 'belleza'}, {'id': 465, 'name': 'Hogar', 'slug': 'hogar'}]"
29448,Cinta Doble -5 metros,2021-04-12,simple,publish,SH000065,9.0,9.0,307,0,"[{'id': 465, 'name': 'Hogar', 'slug': 'hogar'}, {'id': 464, 'name': 'Oficina', 'slug': 'oficina'}]"
29435,Picatodo Pequeño,2021-04-12,simple,publish,SH000052,10.0,12.0,2,0,"[{'id': 465, 'name': 'Hogar', 'slug': 'hogar'}]"
29436,Picatodo Grande,2021-04-12,variable,publish,SH000053,0.0,,17,0,"[{'id': 465, 'name': 'Hogar', 'slug': 'hogar'}]"
29438,Caja De Almacenamiento 2000 (4 divisiones),2021-04-12,simple,publish,SH000055,16.0,16.0,2,0,"[{'id': 465, 'name': 'Hogar', 'slug': 'hogar'}]"
29439,Push Lavavajilla,2021-04-12,variable,publish,SH000056,0.0,,318,0,"[{'id': 465, 'name': 'Hogar', 'slug': 'hogar'}]"
29440,Rompe Chorro,2021-04-12,simple,publish,SH000057,5.0,5.0,281,2,"[{'id': 465, 'name': 'Hogar', 'slug': 'hogar'}]"
29429,Dispensador De Cupcakes,2021-04-12,simple,publish,SH000046,15.0,15.0,10,-1,"[{'id': 465, 'name': 'Hogar', 'slug': 'hogar'}]"
29430,Colador Cuadrado Plegable De Silicona,2021-04-12,variable,publish,SH000047,0.0,,144,0,"[{'id': 465, 'name': 'Hogar', 'slug': 'hogar'}]"
29431,Colador Circular Silicona Plegable,2021-04-12,variable,publish,SH000048,0.0,,10,0,"[{'id': 465, 'name': 'Hogar', 'slug': 'hogar'}]"
29432,Doble Escurridor,2021-04-12,variable,publish,SH000049,0.0,,52,0,"[{'id': 465, 'name': 'Hogar', 'slug': 'hogar'}]"
29433,Ganchos Mágicos,2021-04-12,variable,publish,SH000050,0.0,,342,0,"[{'id': 465, 'name': 'Hogar', 'slug': 'hogar'}]"
29269,Arreglo Floral De Jabón Aromatizado,2021-04-07,variable,publish,SH000045,0.0,,48,0,"[{'id': 466, 'name': 'Belleza', 'slug': 'belleza'}, {'id': 465, 'name': 'Hogar', 'slug': 'hogar'}]"
29218,Pulpitos Reversibles Importados,2021-02-22,variable,publish,SH000044,0.0,,0,0,"[{'id': 25, 'name': 'Ropa', 'slug': 'ropa'}]"
29197,Rallador / Picador Multifuncional,2021-02-09,simple,publish,SH000043,15.0,20.0,53,0,"[{'id': 465, 'name': 'Hogar', 'slug': 'hogar'}]"
29146,Cesta Para Refrigeradora,2021-02-03,variable,publish,SH000042,0.0,,134,-4,"[{'id': 465, 'name': 'Hogar', 'slug': 'hogar'}]"
29127,Jabonera En Hoja,2021-02-02,variable,publish,SH000041,0.0,,25,0,"[{'id': 465, 'name': 'Hogar', 'slug': 'hogar'}]"
29117,Pelador De Verduras Y Frutas,2021-02-01,simple,publish,SH000040,4.0,6.0,8,0,"[{'id': 465, 'name': 'Hogar', 'slug': 'hogar'}]"
29110,Gallina Hervidora De Huevos,2021-02-01,simple,publish,SH000039,18.0,30.0,1,0,"[{'id': 465, 'name': 'Hogar', 'slug': 'hogar'}]"
29100,Tabla De Picar 3 En 1,2021-02-01,variable,publish,SH000038,0.0,,21,0,"[{'id': 465, 'name': 'Hogar', 'slug': 'hogar'}]"
29094,Tacho Plegable kawaii,2021-02-01,variable,publish,SH000037,0.0,,48,0,"[{'id': 465, 'name': 'Hogar', 'slug': 'hogar'}]"
29082,Tapas De Silicona,2021-02-01,variable,publish,SH000036,0.0,,96,0,"[{'id': 465, 'name': 'Hogar', 'slug': 'hogar'}]"
29035,Máquina De Coser Portátil,2021-01-31,simple,publish,SH000035,42.0,55.0,5,0,"[{'id': 465, 'name': 'Hogar', 'slug': 'hogar'}]"
28952,Bolsa Ziploc Hermética Set 12 Pcs,2021-01-28,simple,publish,SH000034,10.0,15.0,332,0,"[{'id': 465, 'name': 'Hogar', 'slug': 'hogar'}]"
28904,Hielera De Silicona,2021-01-25,simple,publish,SH000033,9.5,15.0,77,0,"[{'id': 465, 'name': 'Hogar', 'slug': 'hogar'}]"
28886,Lonchera Eléctrica Portátil,2021-01-25,variable,publish,SH000031,0.0,,10,-4,"[{'id': 465, 'name': 'Hogar', 'slug': 'hogar'}]"
28895,Mini Aire Acondicionado Artic Air,2021-01-25,simple,publish,SH000032,45.0,45.0,24,0,"[{'id': 465, 'name': 'Hogar', 'slug': 'hogar'}, {'id': 464, 'name': 'Oficina', 'slug': 'oficina'}]"
28775,Smart Bracelet Plus,2021-01-18,simple,publish,SH000030,45.0,45.0,3,0,"[{'id': 465, 'name': 'Hogar', 'slug': 'hogar'}, {'id': 464, 'name': 'Oficina', 'slug': 'oficina'}]"
28379,Cepillo De Silicona,2021-01-13,simple,publish,SH000027,8.0,8.0,24,-18,"[{'id': 465, 'name': 'Hogar', 'slug': 'hogar'}]"
28483,Sujetador De Celular Con Seguimiento Inteligente 360º Con Rotación,2021-01-13,simple,publish,SH000029,35.0,35.0,0,0,"[{'id': 465, 'name': 'Hogar', 'slug': 'hogar'}, {'id': 464, 'name': 'Oficina', 'slug': 'oficina'}]"
28397,Plancha Profesional 750°F - Barbieliss,2021-01-12,simple,publish,SH000028,45.0,45.0,3,0,"[{'id': 466, 'name': 'Belleza', 'slug': 'belleza'}]"
28372,"Amplificador De Pantalla 12""",2021-01-11,simple,publish,SH000026,20.0,20.0,2,0,"[{'id': 465, 'name': 'Hogar', 'slug': 'hogar'}]"
28200,Corrector De Postura Para Niños Y Adultos,2021-01-07,simple,publish,SH000025,15.0,15.0,14,0,"[{'id': 465, 'name': 'Hogar', 'slug': 'hogar'}, {'id': 464, 'name': 'Oficina', 'slug': 'oficina'}]"
28197,Ositos De Rosas,2021-01-07,simple,publish,SH000024,25.0,25.0,0,0,"[{'id': 466, 'name': 'Belleza', 'slug': 'belleza'}, {'id': 465, 'name': 'Hogar', 'slug': 'hogar'}, {'id': 464, 'name': 'Oficina', 'slug': 'oficina'}]"
28189,"Amplificador De Pantalla 8""",2021-01-07,simple,publish,SH000023,15.0,15.0,10,0,"[{'id': 466, 'name': 'Belleza', 'slug': 'belleza'}]"
28182,Jade Roller + Gua Sha,2021-01-07,simple,publish,SH000022,20.0,20.0,0,0,"[{'id': 466, 'name': 'Belleza', 'slug': 'belleza'}]"
28177,Removedor De Callos,2021-01-07,simple,publish,SH000021,20.0,20.0,0,0,"[{'id': 466, 'name': 'Belleza', 'slug': 'belleza'}]"
28172,Cargador 360º Imantado,2021-01-07,simple,publish,SH000020,15.0,15.0,0,0,"[{'id': 465, 'name': 'Hogar', 'slug': 'hogar'}]"
28167,Tomatodo Pastillero,2021-01-07,simple,publish,SH000019,15.0,15.0,3,0,"[{'id': 465, 'name': 'Hogar', 'slug': 'hogar'}]"
28155,Cortador De Verduras Y Frutas,2021-01-07,simple,publish,SH000018,20.0,20.0,0,0,"[{'id': 465, 'name': 'Hogar', 'slug': 'hogar'}]"
28151,Gancho Mágico Angular,2021-01-07,simple,publish,SH000017,15.0,15.0,0,0,"[{'id': 465, 'name': 'Hogar', 'slug': 'hogar'}]"
28146,Dispensadora De Granos,2021-01-07,simple,publish,SH000016,16.5,20.0,103,0,"[{'id': 465, 'name': 'Hogar', 'slug': 'hogar'}]"
28142,Banda De Baño Exfoliante,2021-01-07,variable,publish,SH000015,0.0,,53,0,"[{'id': 466, 'name': 'Belleza', 'slug': 'belleza'}]"
28138,Pizarra Mágica,2021-01-07,simple,publish,SH000014,16.0,16.0,3,0,"[{'id': 465, 'name': 'Hogar', 'slug': 'hogar'}, {'id': 464, 'name': 'Oficina', 'slug': 'oficina'}]"
28133,Lámpara Led Giratoria 360º,2021-01-07,simple,publish,SH000013,18.0,18.0,5,0,"[{'id': 465, 'name': 'Hogar', 'slug': 'hogar'}, {'id': 464, 'name': 'Oficina', 'slug': 'oficina'}]"
28125,Foreo Limpiador Facial,2021-01-07,simple,publish,SH000012,12.0,12.0,6,0,"[{'id': 466, 'name': 'Belleza', 'slug': 'belleza'}]"
28121,Filtro De Lavadora,2021-01-07,simple,publish,SH000011,3.99,3.99,21,0,"[{'id': 465, 'name': 'Hogar', 'slug': 'hogar'}]"
28116,Mini Selladora De Bolsa Portátil,2021-01-07,variable,publish,SH000010,0.0,,22,0,"[{'id': 465, 'name': 'Hogar', 'slug': 'hogar'}]"
28110,Mini Plancha De Cabello,2021-01-06,simple,publish,SH000009,14.0,14.0,4,19,"[{'id': 465, 'name': 'Hogar', 'slug': 'hogar'}]"
28104,Aro Led Para Celular,2021-01-06,simple,publish,SH000008,10.0,10.0,0,0,"[{'id': 465, 'name': 'Hogar', 'slug': 'hogar'}, {'id': 464, 'name': 'Oficina', 'slug': 'oficina'}]"
28097,Ejercitador De Músculos,2021-01-06,simple,publish,SH000007,15.0,15.0,0,0,"[{'id': 465, 'name': 'Hogar', 'slug': 'hogar'}]"
28091,Plato Escurridor Estante (2 Capas) Con Drenaje Giratorio 360º,2021-01-06,simple,publish,SH000006,45.0,45.0,0,0,"[{'id': 466, 'name': 'Belleza', 'slug': 'belleza'}]"
28086,Vaporizador De Ropa,2021-01-06,simple,publish,SH000005,36.0,36.0,0,0,"[{'id': 465, 'name': 'Hogar', 'slug': 'hogar'}, {'id': 25, 'name': 'Ropa', 'slug': 'ropa'}]"
28056,Depiladora Corporal Portátil,2020-12-26,simple,publish,SH000004,25.0,25.0,5,0,"[{'id': 466, 'name': 'Belleza', 'slug': 'belleza'}]"
28025,Depiladora Portátil De Cejas,2020-12-10,simple,publish,SH000003,14.99,14.99,5,0,"[{'id': 466, 'name': 'Belleza', 'slug': 'belleza'}]"
28003,Depiladora Facial Portátil,2020-12-10,simple,publish,SH000002,20.0,20.0,0,0,"[{'id': 466, 'name': 'Belleza', 'slug': 'belleza'}]"
27995,Licuadora Portátil,2020-12-10,simple,publish,SH000001,20.0,20.0,40,69,"[{'id': 465, 'name': 'Hogar', 'slug': 'hogar'}, {'id': 470, 'name': 'Lanzamientos', 'slug': 'lanzamientos'}]"
